"","file_a","file_b","block_a","block_b","line_a","line_b","score"
"1","R/ErrorHandlerR6.R","_arxiv/ErrorHandlerR6.R",28,14,28,14,1
"2","R/Neuro2MainR6.R","_arxiv/MainOrchestratorR6.R",33,17,33,17,1
"3","R/Neuro2MainR6.R","_arxiv/Neuro2MainR6.R",33,17,33,17,1
"4","R/Neuro2MainR6.R","_arxiv/Neuro2MainR6_fixed.R",33,33,33,33,1
"5","R/Neuro2MainR6.R","_arxiv/MainOrchestratorR6.R",51,35,596,424,1
"6","R/Neuro2MainR6.R","_arxiv/Neuro2MainR6.R",51,35,596,425,1
"7","R/Neuro2MainR6.R","_arxiv/Neuro2MainR6_fixed.R",51,51,596,586,1
"8","R/PackageManagerR6.R","_arxiv/PackageManagerR6.R",39,26,524,381,1
"9","R/PackageManagerR6.R","_arxiv/PackageManagerR6_fixed.R",39,39,524,469,1
"10","R/domain_processing_utils.R","_arxiv/domain_processor_utils copy.R",17,20,19,22,1
"11","R/domain_processing_utils.R","_arxiv/domain_processor_utils.R",17,20,19,22,1
"12","R/domain_processing_utils.R","_arxiv/domain_processor_utils copy.R",27,30,85,88,1
"13","R/domain_processing_utils.R","_arxiv/domain_processor_utils.R",27,30,85,88,1
"14","R/domain_processing_utils.R","_arxiv/domain_processor_utils copy.R",37,40,144,147,1
"15","R/domain_processing_utils.R","_arxiv/domain_processor_utils.R",37,40,144,147,1
"16","R/domain_processing_utils.R","_arxiv/domain_processor_utils copy.R",222,55,775,260,1
"17","R/domain_processing_utils.R","_arxiv/domain_processor_utils copy.R",233,66,840,325,1
"18","R/domain_processing_utils.R","_arxiv/domain_processor_utils.R",233,66,840,309,1
"19","R/domain_processing_utils.R","_arxiv/domain_processor_utils copy.R",242,75,942,427,1
"20","R/domain_processing_utils.R","_arxiv/domain_processor_utils.R",242,75,942,411,1
"21","R/domain_processing_utils.R","_arxiv/domain_processor_utils copy.R",249,82,1006,491,1
"22","R/domain_processing_utils.R","_arxiv/domain_processor_utils copy.R",255,88,1060,545,1
"23","R/domain_processing_utils.R","_arxiv/domain_processor_utils.R",255,88,1060,527,1
"24","R/domain_processing_utils.R","_arxiv/domain_processor_utils copy.R",258,91,1094,579,1
"25","R/domain_processing_utils.R","_arxiv/domain_processor_utils.R",258,91,1094,561,1
"26","R/domain_validation_utils.R","_arxiv/data_validation_fix.R",10,8,14,8,1
"27","R/domain_validation_utils.R","_arxiv/data_validation_fix.R",18,16,72,51,1
"28","R/duckdb_neuropsych_loader.R","_arxiv/duckdb_neuropsych_loader_fixed.R",45,45,511,482,1
"29","R/neuro2-package.R","_arxiv/package_main_functions.R",99,99,245,241,1
"30","R/neuro2-package.R","_arxiv/package_main_functions.R",125,125,365,354,1
"31","R/neuro2-package.R","_arxiv/package_main_functions.R",130,130,419,412,1
"32","R/neuro2-package.R","_arxiv/package_main_functions.R",132,132,443,436,1
"33","R/workflow_domain_generator.R","_arxiv/core_domain_generator_module.R",205,55,522,583,1
"34","R/workflow_domain_generator.R","domain_generator_module.R",205,55,522,583,1
"35","_arxiv/03_render_domains.R","_arxiv/render_domains2.R",10,10,13,13,1
"36","_arxiv/03_render_domains.R","_arxiv/render_domains3.R",10,10,13,13,1
"37","_arxiv/03_render_domains.R","_arxiv/render_domains2.R",12,12,79,79,1
"38","_arxiv/03_render_domains.R","_arxiv/render_domains2.R",14,14,189,189,1
"39","_arxiv/03_render_domains.R","_arxiv/render_domains3.R",14,14,189,188,1
"40","_arxiv/03_render_domains.R","_arxiv/render_domains2.R",17,17,218,217,1
"41","_arxiv/05A_create_domain_qmd_sections.R","_arxiv/05_create_domain_qmd_sections.R",9,9,12,12,1
"42","_arxiv/05A_create_domain_qmd_sections.R","_arxiv/05_create_domain_qmd_sections.R",11,11,300,300,1
"43","_arxiv/DomainProcessor2R6.R","_arxiv/DomainProcessorR6 copy.R",58,65,3268,3137,1
"44","_arxiv/DomainProcessorR6Combo.R","_arxiv/DomainProcessorR6Combo_docfixed.R",18,18,18,18,1
"45","_arxiv/PackageManagerR6.R","_arxiv/PackageManagerR6_fixed.R",16,29,16,29,1
"46","_arxiv/archive/generate_figures_fixed.R","_arxiv/archive/generate_tables_fixed.R",13,13,47,45,1
"47","_arxiv/archive/generate_figures_fixed.R","_arxiv/core_generate_figures.R",13,13,47,47,1
"48","_arxiv/archive/generate_figures_fixed.R","_arxiv/core_generate_tables.R",13,13,47,45,1
"49","_arxiv/archive/generate_figures_fixed.R","_arxiv/core_generate_figures.R",15,15,68,68,1
"50","_arxiv/archive/generate_figures_fixed.R","_arxiv/core_generate_figures.R",17,17,95,95,1
"51","_arxiv/archive/generate_figures_fixed.R","_arxiv/core_generate_figures.R",19,19,121,121,1
"52","_arxiv/archive/generate_figures_fixed.R","_arxiv/core_generate_figures.R",21,21,148,148,1
"53","_arxiv/archive/generate_figures_fixed.R","_arxiv/core_generate_figures.R",25,25,204,204,1
"54","_arxiv/archive/generate_figures_fixed.R","_arxiv/core_generate_figures.R",27,27,230,230,1
"55","_arxiv/archive/generate_figures_fixed.R","_arxiv/core_generate_figures.R",29,29,291,291,1
"56","_arxiv/archive/generate_figures_fixed.R","_arxiv/core_generate_figures.R",31,31,336,336,1
"57","_arxiv/archive/generate_tables_fixed.R","_arxiv/core_generate_tables.R",19,19,115,115,1
"58","_arxiv/archive/generate_tables_fixed.R","_arxiv/core_generate_tables.R",23,23,237,237,1
"59","_arxiv/archive/generate_tables_fixed.R","_arxiv/core_generate_tables.R",25,25,284,284,1
"60","_arxiv/complete_workflow_fix.R","_arxiv/fixed_domain_workflow.R",17,17,33,33,1
"61","_arxiv/complete_workflow_fix.R","_arxiv/fixed_domain_workflow.R",19,19,78,90,1
"62","_arxiv/complete_workflow_fix.R","_arxiv/fixed_domain_workflow.R",23,23,110,130,1
"63","_arxiv/complete_workflow_fix.R","_arxiv/fixed_domain_workflow.R",28,28,159,193,1
"64","_arxiv/complete_workflow_fix.R","_arxiv/fixed_domain_workflow.R",30,30,179,219,1
"65","_arxiv/complete_workflow_fix.R","_arxiv/fixed_domain_workflow.R",32,32,208,256,1
"66","_arxiv/complete_workflow_fix.R","_arxiv/fixed_domain_workflow.R",36,36,229,282,1
"67","_arxiv/complete_workflow_fix.R","_arxiv/fixed_domain_workflow.R",40,40,280,350,1
"68","_arxiv/core_domain_generator_module.R","domain_generator_module.R",25,25,82,82,1
"69","_arxiv/core_domain_generator_module.R","_arxiv/domain_generator_module copy.R",41,38,159,126,1
"70","_arxiv/core_domain_generator_module.R","_arxiv/domain_generator_module.R",41,38,159,123,1
"71","_arxiv/core_domain_generator_module.R","domain_generator_module.R",41,41,159,159,1
"72","_arxiv/core_domain_generator_module.R","domain_generator_module.R",45,45,232,232,1
"73","_arxiv/core_domain_generator_module.R","domain_generator_module.R",47,47,323,323,1
"74","_arxiv/core_domain_generator_module.R","domain_generator_module.R",49,49,387,387,1
"75","_arxiv/core_domain_generator_module.R","domain_generator_module.R",51,51,432,432,1
"76","_arxiv/core_domain_generator_module.R","domain_generator_module.R",53,53,518,518,1
"77","_arxiv/core_generate_all_domain_assets.R","generate_all_domain_assets.R",23,20,33,64,1
"78","_arxiv/core_generate_all_domain_assets.R","generate_all_domain_assets.R",25,22,214,245,1
"79","_arxiv/core_generate_all_domain_assets.R","generate_all_domain_assets.R",27,24,317,348,1
"80","_arxiv/core_report_generator_module.R","inst/scripts/report_generator_module.R",20,20,50,50,1
"81","_arxiv/core_report_generator_module.R","inst/scripts/report_generator_module.R",30,30,123,123,1
"82","_arxiv/core_report_generator_module.R","inst/scripts/report_generator_module.R",32,32,167,167,1
"83","_arxiv/domain_generator_module copy.R","_arxiv/domain_generator_module.R",21,23,47,54,1
"84","_arxiv/domain_workflow_fix.R","_arxiv/domain_workflow_fix2.R",13,13,29,29,1
"85","_arxiv/domain_workflow_fix.R","_arxiv/domain_workflow_fix2.R",15,15,85,85,1
"86","_arxiv/domain_workflow_fix.R","_arxiv/domain_workflow_fix2.R",17,17,193,193,1
"87","_arxiv/domain_workflow_fix.R","_arxiv/domain_workflow_fix2.R",19,19,237,237,1
"88","_arxiv/domain_workflow_fix.R","_arxiv/domain_workflow_fix2.R",23,25,348,469,1
"89","_arxiv/generate_figures copy.R","_arxiv/generate_figures.R",10,10,19,19,1
"90","_arxiv/neuro2_R6_update_workflow_fixed.R","neuro2_r6_update_workflow.R",23,26,479,522,1
"91","_arxiv/neuro2_duckdb_workflow_DEMO.R","neuro2_duckdb_workflow.R",22,22,91,91,1
"92","_arxiv/process_rbans_data_with_lookup copy.R","_arxiv/process_rbans_data_with_lookup.R",22,22,22,22,1
"93","_arxiv/unified_workflow_runner 2.R","_arxiv/unified_workflow_runner_v1.R",28,28,73,73,1
"94","_arxiv/unified_workflow_runner 2.R","_arxiv/unified_workflow_runner_v1.R",36,36,115,115,1
"95","_arxiv/unified_workflow_runner 2.R","_arxiv/unified_workflow_runner_v1.R",41,41,960,960,1
"96","_arxiv/utility_functions copy.R","_arxiv/utility_functions.R",16,24,17,51,1
"97","_arxiv/utility_functions copy.R","_arxiv/utility_functions.R",28,36,81,115,1
"98","generate_all_domain_assets.R","generate_domain_files.R",13,15,16,17,1
"99","inst/rmarkdown/templates/pluck_pdfs/skeleton/params.R","inst/rmarkdown/templates/pluck_pdfs/skeleton/params_pluck_wms4.R",114,115,184,185,1
"100","inst/rmarkdown/templates/pluck_pdfs/skeleton/params.R","inst/rmarkdown/templates/pluck_pdfs/skeleton/params_pluck_wrat5.R",114,115,184,184,1
"101","inst/rmarkdown/templates/pluck_pdfs/skeleton/params.R","inst/rmarkdown/templates/pluck_pdfs/skeleton/pluck_general_extract_areas.Rmd",114,76,184,293,1
"102","inst/rmarkdown/templates/pluck_pdfs/skeleton/params.R","inst/rmarkdown/templates/pluck_pdfs/skeleton/pluck_general_locate_areas.Rmd",114,101,184,387,1
"103","inst/rmarkdown/templates/pluck_pdfs/skeleton/params.R","inst/rmarkdown/templates/pluck_pdfs/skeleton/params_pluck_wais5_index.R",127,69,237,151,1
"104","inst/rmarkdown/templates/pluck_pdfs/skeleton/params.R","inst/rmarkdown/templates/pluck_pdfs/skeleton/params_pluck_wais5_subtest.R",127,66,237,160,1
"105","inst/rmarkdown/templates/pluck_pdfs/skeleton/params.R","inst/rmarkdown/templates/pluck_pdfs/skeleton/params_pluck_wisc5.R",127,69,237,164,1
"106","inst/rmarkdown/templates/pluck_pdfs/skeleton/params.R","inst/rmarkdown/templates/pluck_pdfs/skeleton/params_pluck_wisc5.R",127,136,237,337,1
"107","inst/rmarkdown/templates/pluck_pdfs/skeleton/params.R","inst/rmarkdown/templates/pluck_pdfs/skeleton/params_pluck_wisc5_index.R",127,71,237,154,1
"108","inst/rmarkdown/templates/pluck_pdfs/skeleton/params.R","inst/rmarkdown/templates/pluck_pdfs/skeleton/params_pluck_wisc5_process.R",127,82,237,187,1
"109","inst/rmarkdown/templates/pluck_pdfs/skeleton/params.R","inst/rmarkdown/templates/pluck_pdfs/skeleton/params_pluck_wisc5_subtest.R",127,67,237,162,1
"110","inst/rmarkdown/templates/pluck_pdfs/skeleton/params.R","inst/rmarkdown/templates/pluck_pdfs/skeleton/params_pluck_wms4.R",127,128,237,238,1
"111","inst/rmarkdown/templates/pluck_pdfs/skeleton/params.R","inst/rmarkdown/templates/pluck_pdfs/skeleton/params_pluck_wrat5.R",127,128,237,237,1
"112","inst/rmarkdown/templates/pluck_pdfs/skeleton/params.R","inst/rmarkdown/templates/pluck_pdfs/skeleton/pluck_general_extract_areas.Rmd",127,86,237,345,1
"113","inst/rmarkdown/templates/pluck_pdfs/skeleton/params.R","inst/rmarkdown/templates/pluck_pdfs/skeleton/pluck_general_locate_areas.Rmd",127,110,237,437,1
"114","inst/rmarkdown/templates/pluck_pdfs/skeleton/params_pluck_wais5_subtest.R","inst/rmarkdown/templates/pluck_pdfs/skeleton/params_pluck_wisc5.R",53,56,111,115,1
"115","inst/rmarkdown/templates/pluck_pdfs/skeleton/params_pluck_wais5_subtest.R","inst/rmarkdown/templates/pluck_pdfs/skeleton/params_pluck_wisc5_process.R",53,59,111,113,1
"116","inst/rmarkdown/templates/pluck_pdfs/skeleton/params_pluck_wais5_subtest.R","inst/rmarkdown/templates/pluck_pdfs/skeleton/params_pluck_wisc5_subtest.R",53,54,111,113,1
"117","inst/rmarkdown/templates/pluck_pdfs/skeleton/params_pluck_wais5_subtest.R","inst/rmarkdown/templates/pluck_pdfs/skeleton/pluck_nab_comprehensive.Rmd",53,270,111,1288,1
"118","inst/rmarkdown/templates/pluck_pdfs/skeleton/plant_csv_neurocog.Rmd","inst/rmarkdown/templates/pluck_pdfs/skeleton/plant_validity_scores.Rmd",23,19,375,240,1
"119","inst/rmarkdown/templates/pluck_pdfs/skeleton/pluck_brown_efa.Rmd","inst/rmarkdown/templates/pluck_pdfs/skeleton/pluck_brown_efa_copy.Rmd",32,33,93,94,1
"120","inst/rmarkdown/templates/pluck_pdfs/skeleton/pluck_brown_efa.Rmd","inst/rmarkdown/templates/pluck_pdfs/skeleton/pluck_brown_efa_copy.Rmd",44,45,156,157,1
"121","inst/rmarkdown/templates/pluck_pdfs/skeleton/pluck_brown_efa.Rmd","inst/rmarkdown/templates/pluck_pdfs/skeleton/pluck_brown_efa_copy.Rmd",49,50,214,215,1
"122","inst/rmarkdown/templates/pluck_pdfs/skeleton/pluck_brown_efa.Rmd","inst/rmarkdown/templates/pluck_pdfs/skeleton/pluck_brown_efa_copy.Rmd",50,51,248,249,1
"123","inst/rmarkdown/templates/pluck_pdfs/skeleton/pluck_brown_efa.Rmd","inst/rmarkdown/templates/pluck_pdfs/skeleton/pluck_brown_efa_copy.Rmd",51,52,267,268,1
"124","inst/rmarkdown/templates/pluck_pdfs/skeleton/pluck_brown_efa.Rmd","inst/rmarkdown/templates/pluck_pdfs/skeleton/pluck_brown_efa_copy.Rmd",57,58,347,348,1
"125","inst/rmarkdown/templates/pluck_pdfs/skeleton/pluck_caars.Rmd","inst/rmarkdown/templates/pluck_pdfs/skeleton/pluck_nab.Rmd",39,64,165,597,1
"126","inst/rmarkdown/templates/pluck_pdfs/skeleton/pluck_caars.Rmd","inst/rmarkdown/templates/pluck_pdfs/skeleton/pluck_nab_main.Rmd",39,64,165,599,1
"127","inst/rmarkdown/templates/pluck_pdfs/skeleton/pluck_caars.Rmd","inst/rmarkdown/templates/pluck_pdfs/skeleton/pluck_wais4.Rmd",39,54,165,358,1
"128","inst/rmarkdown/templates/pluck_pdfs/skeleton/pluck_caars2.Rmd","inst/rmarkdown/templates/pluck_pdfs/skeleton/pluck_conners4.Rmd",80,126,214,342,1
"129","inst/rmarkdown/templates/pluck_pdfs/skeleton/pluck_caars2.Rmd","inst/rmarkdown/templates/pluck_pdfs/skeleton/pluck_conners4_self.Rmd",80,146,214,327,1
"130","inst/rmarkdown/templates/pluck_pdfs/skeleton/pluck_caars2.Rmd","inst/rmarkdown/templates/pluck_pdfs/skeleton/pluck_conners4_self.Rmd",106,168,352,521,1
"131","inst/rmarkdown/templates/pluck_pdfs/skeleton/pluck_general.Rmd","inst/rmarkdown/templates/pluck_pdfs/skeleton/pluck_general_locate_areas.Rmd",74,42,302,183,1
"132","inst/rmarkdown/templates/pluck_pdfs/skeleton/pluck_general.Rmd","inst/rmarkdown/templates/pluck_pdfs/skeleton/pluck_wais4.Rmd",74,40,302,307,1
"133","inst/rmarkdown/templates/pluck_pdfs/skeleton/pluck_general.Rmd","inst/rmarkdown/templates/pluck_pdfs/skeleton/pluck_wais5.Rmd",74,37,302,242,1
"134","inst/rmarkdown/templates/pluck_pdfs/skeleton/pluck_general.Rmd","inst/rmarkdown/templates/pluck_pdfs/skeleton/pluck_wais4.Rmd",103,72,406,426,1
"135","inst/rmarkdown/templates/pluck_pdfs/skeleton/pluck_general.Rmd","inst/rmarkdown/templates/pluck_pdfs/skeleton/pluck_wais5.Rmd",103,71,406,359,1
"136","inst/rmarkdown/templates/pluck_pdfs/skeleton/pluck_general.Rmd","inst/rmarkdown/templates/pluck_pdfs/skeleton/pluck_wais4.Rmd",104,73,424,444,1
"137","inst/rmarkdown/templates/pluck_pdfs/skeleton/pluck_general.Rmd","inst/rmarkdown/templates/pluck_pdfs/skeleton/pluck_wais5.Rmd",104,72,424,377,1
"138","inst/rmarkdown/templates/pluck_pdfs/skeleton/pluck_general.Rmd","inst/rmarkdown/templates/pluck_pdfs/skeleton/pluck_wais4.Rmd",105,74,442,462,1
"139","inst/rmarkdown/templates/pluck_pdfs/skeleton/pluck_general.Rmd","inst/rmarkdown/templates/pluck_pdfs/skeleton/pluck_wais5.Rmd",105,73,442,395,1
"140","inst/rmarkdown/templates/pluck_pdfs/skeleton/pluck_general.Rmd","inst/rmarkdown/templates/pluck_pdfs/skeleton/pluck_wais4.Rmd",106,75,460,480,1
"141","inst/rmarkdown/templates/pluck_pdfs/skeleton/pluck_general.Rmd","inst/rmarkdown/templates/pluck_pdfs/skeleton/pluck_wais5.Rmd",106,74,460,413,1
"142","inst/rmarkdown/templates/pluck_pdfs/skeleton/pluck_general.Rmd","inst/rmarkdown/templates/pluck_pdfs/skeleton/pluck_wais4.Rmd",107,76,478,498,1
"143","inst/rmarkdown/templates/pluck_pdfs/skeleton/pluck_general.Rmd","inst/rmarkdown/templates/pluck_pdfs/skeleton/pluck_wais5.Rmd",107,75,478,431,1
"144","inst/rmarkdown/templates/pluck_pdfs/skeleton/pluck_general.Rmd","inst/rmarkdown/templates/pluck_pdfs/skeleton/pluck_wais4.Rmd",108,77,496,516,1
"145","inst/rmarkdown/templates/pluck_pdfs/skeleton/pluck_general.Rmd","inst/rmarkdown/templates/pluck_pdfs/skeleton/pluck_wais5.Rmd",108,76,496,449,1
"146","inst/rmarkdown/templates/pluck_pdfs/skeleton/pluck_general.Rmd","inst/rmarkdown/templates/pluck_pdfs/skeleton/pluck_wais4.Rmd",109,78,514,534,1
"147","inst/rmarkdown/templates/pluck_pdfs/skeleton/pluck_general.Rmd","inst/rmarkdown/templates/pluck_pdfs/skeleton/pluck_wais5.Rmd",109,77,514,467,1
"148","inst/rmarkdown/templates/pluck_pdfs/skeleton/pluck_general.Rmd","inst/rmarkdown/templates/pluck_pdfs/skeleton/pluck_wais4.Rmd",110,79,544,564,1
"149","inst/rmarkdown/templates/pluck_pdfs/skeleton/pluck_general.Rmd","inst/rmarkdown/templates/pluck_pdfs/skeleton/pluck_wais5.Rmd",110,78,544,497,1
"150","inst/rmarkdown/templates/pluck_pdfs/skeleton/pluck_general.Rmd","inst/rmarkdown/templates/pluck_pdfs/skeleton/pluck_wais4.Rmd",224,193,1283,1303,1
"151","inst/rmarkdown/templates/pluck_pdfs/skeleton/pluck_general.Rmd","inst/rmarkdown/templates/pluck_pdfs/skeleton/pluck_wais5.Rmd",224,192,1283,1236,1
"152","inst/rmarkdown/templates/pluck_pdfs/skeleton/pluck_general.Rmd","inst/rmarkdown/templates/pluck_pdfs/skeleton/pluck_wais4.Rmd",225,194,1302,1322,1
"153","inst/rmarkdown/templates/pluck_pdfs/skeleton/pluck_general.Rmd","inst/rmarkdown/templates/pluck_pdfs/skeleton/pluck_wais5.Rmd",225,193,1302,1255,1
"154","inst/rmarkdown/templates/pluck_pdfs/skeleton/pluck_general.Rmd","inst/rmarkdown/templates/pluck_pdfs/skeleton/pluck_wais4.Rmd",226,195,1321,1341,1
"155","inst/rmarkdown/templates/pluck_pdfs/skeleton/pluck_general.Rmd","inst/rmarkdown/templates/pluck_pdfs/skeleton/pluck_wais5.Rmd",226,194,1321,1274,1
"156","inst/rmarkdown/templates/pluck_pdfs/skeleton/pluck_general_extract_areas.Rmd","inst/rmarkdown/templates/pluck_pdfs/skeleton/pluck_general_locate_areas.Rmd",54,72,224,280,1
"157","inst/rmarkdown/templates/pluck_pdfs/skeleton/pluck_general_locate_areas.Rmd","inst/rmarkdown/templates/pluck_pdfs/skeleton/pluck_nab.Rmd",97,61,364,580,1
"158","inst/rmarkdown/templates/pluck_pdfs/skeleton/pluck_general_locate_areas.Rmd","inst/rmarkdown/templates/pluck_pdfs/skeleton/pluck_nab_main.Rmd",97,61,364,582,1
"159","inst/rmarkdown/templates/pluck_pdfs/skeleton/pluck_nab.Rmd","inst/rmarkdown/templates/pluck_pdfs/skeleton/pluck_nab_main.Rmd",31,31,452,454,1
"160","inst/rmarkdown/templates/pluck_pdfs/skeleton/pluck_nab.Rmd","inst/rmarkdown/templates/pluck_pdfs/skeleton/pluck_nab_comprehensive.Rmd",80,82,646,724,1
"161","inst/rmarkdown/templates/pluck_pdfs/skeleton/pluck_nab.Rmd","inst/rmarkdown/templates/pluck_pdfs/skeleton/pluck_nab_main.Rmd",80,80,646,648,1
"162","inst/rmarkdown/templates/pluck_pdfs/skeleton/pluck_nab.Rmd","inst/rmarkdown/templates/pluck_pdfs/skeleton/pluck_nab_comprehensive.Rmd",102,104,702,784,1
"163","inst/rmarkdown/templates/pluck_pdfs/skeleton/pluck_nab.Rmd","inst/rmarkdown/templates/pluck_pdfs/skeleton/pluck_nab_main.Rmd",102,102,702,704,1
"164","inst/rmarkdown/templates/pluck_pdfs/skeleton/pluck_nab.Rmd","inst/rmarkdown/templates/pluck_pdfs/skeleton/pluck_nab_comprehensive.Rmd",124,126,779,865,1
"165","inst/rmarkdown/templates/pluck_pdfs/skeleton/pluck_nab.Rmd","inst/rmarkdown/templates/pluck_pdfs/skeleton/pluck_nab_main.Rmd",124,124,779,781,1
"166","inst/rmarkdown/templates/pluck_pdfs/skeleton/pluck_nab.Rmd","inst/rmarkdown/templates/pluck_pdfs/skeleton/pluck_nab_comprehensive.Rmd",146,148,849,939,1
"167","inst/rmarkdown/templates/pluck_pdfs/skeleton/pluck_nab.Rmd","inst/rmarkdown/templates/pluck_pdfs/skeleton/pluck_nab_main.Rmd",146,146,849,851,1
"168","inst/rmarkdown/templates/pluck_pdfs/skeleton/pluck_nab.Rmd","inst/rmarkdown/templates/pluck_pdfs/skeleton/pluck_nab_main.Rmd",168,168,911,913,1
"169","inst/rmarkdown/templates/pluck_pdfs/skeleton/pluck_nab.Rmd","inst/rmarkdown/templates/pluck_pdfs/skeleton/pluck_nab_main.Rmd",190,190,962,964,1
"170","inst/rmarkdown/templates/pluck_pdfs/skeleton/pluck_nab.Rmd","inst/rmarkdown/templates/pluck_pdfs/skeleton/pluck_nab_comprehensive.Rmd",212,217,1014,1129,1
"171","inst/rmarkdown/templates/pluck_pdfs/skeleton/pluck_nab.Rmd","inst/rmarkdown/templates/pluck_pdfs/skeleton/pluck_nab_main.Rmd",212,212,1014,1016,1
"172","inst/rmarkdown/templates/pluck_pdfs/skeleton/pluck_nab.Rmd","inst/rmarkdown/templates/pluck_pdfs/skeleton/pluck_nab_comprehensive.Rmd",234,239,1064,1183,1
"173","inst/rmarkdown/templates/pluck_pdfs/skeleton/pluck_nab.Rmd","inst/rmarkdown/templates/pluck_pdfs/skeleton/pluck_nab_main.Rmd",234,234,1064,1066,1
"174","inst/rmarkdown/templates/pluck_pdfs/skeleton/pluck_nab.Rmd","inst/rmarkdown/templates/pluck_pdfs/skeleton/pluck_nab_comprehensive.Rmd",256,261,1117,1240,1
"175","inst/rmarkdown/templates/pluck_pdfs/skeleton/pluck_nab.Rmd","inst/rmarkdown/templates/pluck_pdfs/skeleton/pluck_nab_main.Rmd",256,256,1117,1119,1
"176","inst/rmarkdown/templates/pluck_pdfs/skeleton/pluck_nab.Rmd","inst/rmarkdown/templates/pluck_pdfs/skeleton/pluck_nab_main.Rmd",285,285,1329,1331,1
"177","inst/rmarkdown/templates/pluck_pdfs/skeleton/pluck_nab.Rmd","inst/rmarkdown/templates/pluck_pdfs/skeleton/pluck_nab_main.Rmd",287,287,1348,1350,1
"178","inst/rmarkdown/templates/pluck_pdfs/skeleton/pluck_nab.Rmd","inst/rmarkdown/templates/pluck_pdfs/skeleton/pluck_nab_main.Rmd",293,293,1380,1382,1
"179","inst/rmarkdown/templates/pluck_pdfs/skeleton/pluck_nab.Rmd","inst/rmarkdown/templates/pluck_pdfs/skeleton/pluck_nab_main.Rmd",295,295,1400,1402,1
"180","inst/rmarkdown/templates/pluck_pdfs/skeleton/pluck_nab.Rmd","inst/rmarkdown/templates/pluck_pdfs/skeleton/pluck_nab_main.Rmd",297,297,1416,1418,1
"181","inst/rmarkdown/templates/pluck_pdfs/skeleton/pluck_nab.Rmd","inst/rmarkdown/templates/pluck_pdfs/skeleton/pluck_nab_main.Rmd",299,299,1434,1436,1
"182","inst/rmarkdown/templates/pluck_pdfs/skeleton/pluck_nab.Rmd","inst/rmarkdown/templates/pluck_pdfs/skeleton/pluck_nab_main.Rmd",301,301,1448,1450,1
"183","inst/rmarkdown/templates/pluck_pdfs/skeleton/pluck_nab.Rmd","inst/rmarkdown/templates/pluck_pdfs/skeleton/pluck_nab_main.Rmd",305,305,1477,1479,1
"184","inst/rmarkdown/templates/pluck_pdfs/skeleton/pluck_nab.Rmd","inst/rmarkdown/templates/pluck_pdfs/skeleton/pluck_nab_main.Rmd",308,308,1508,1510,1
"185","inst/rmarkdown/templates/pluck_pdfs/skeleton/pluck_nab.Rmd","inst/rmarkdown/templates/pluck_pdfs/skeleton/pluck_nab_main.Rmd",309,309,1522,1524,1
"186","inst/rmarkdown/templates/pluck_pdfs/skeleton/pluck_nab.Rmd","inst/rmarkdown/templates/pluck_pdfs/skeleton/pluck_nab_main.Rmd",310,310,1542,1544,1
"187","inst/rmarkdown/templates/pluck_pdfs/skeleton/pluck_nab.Rmd","inst/rmarkdown/templates/pluck_pdfs/skeleton/pluck_nab_main.Rmd",315,315,1593,1595,1
"188","inst/rmarkdown/templates/pluck_pdfs/skeleton/pluck_nab.Rmd","inst/rmarkdown/templates/pluck_pdfs/skeleton/pluck_nab_main.Rmd",317,317,1624,1626,1
"189","inst/rmarkdown/templates/pluck_pdfs/skeleton/pluck_nab.Rmd","inst/rmarkdown/templates/pluck_pdfs/skeleton/pluck_nab_main.Rmd",318,318,1638,1640,1
"190","inst/rmarkdown/templates/pluck_pdfs/skeleton/pluck_nab.Rmd","inst/rmarkdown/templates/pluck_pdfs/skeleton/pluck_nab_main.Rmd",323,323,1697,1699,1
"191","inst/rmarkdown/templates/pluck_pdfs/skeleton/pluck_nab.Rmd","inst/rmarkdown/templates/pluck_pdfs/skeleton/pluck_nab_main.Rmd",326,326,1738,1740,1
"192","inst/rmarkdown/templates/pluck_pdfs/skeleton/pluck_nab.Rmd","inst/rmarkdown/templates/pluck_pdfs/skeleton/pluck_nab_main.Rmd",329,329,1778,1780,1
"193","inst/rmarkdown/templates/pluck_pdfs/skeleton/pluck_nab.Rmd","inst/rmarkdown/templates/pluck_pdfs/skeleton/pluck_nabs.Rmd",329,157,1778,1133,1
"194","inst/rmarkdown/templates/pluck_pdfs/skeleton/pluck_nab.Rmd","inst/rmarkdown/templates/pluck_pdfs/skeleton/pluck_nab_main.Rmd",333,333,1829,1831,1
"195","inst/rmarkdown/templates/pluck_pdfs/skeleton/pluck_nab.Rmd","inst/rmarkdown/templates/pluck_pdfs/skeleton/pluck_nab_main.Rmd",334,334,1843,1845,1
"196","inst/rmarkdown/templates/pluck_pdfs/skeleton/pluck_nab.Rmd","inst/rmarkdown/templates/pluck_pdfs/skeleton/pluck_nab_main.Rmd",335,335,1866,1868,1
"197","inst/rmarkdown/templates/pluck_pdfs/skeleton/pluck_nab.Rmd","inst/rmarkdown/templates/pluck_pdfs/skeleton/pluck_nab_main.Rmd",336,336,1880,1882,1
"198","inst/rmarkdown/templates/pluck_pdfs/skeleton/pluck_nab.Rmd","inst/rmarkdown/templates/pluck_pdfs/skeleton/pluck_nab_main.Rmd",337,337,1903,1905,1
"199","inst/rmarkdown/templates/pluck_pdfs/skeleton/pluck_nab.Rmd","inst/rmarkdown/templates/pluck_pdfs/skeleton/pluck_nab_main.Rmd",338,338,1924,1926,1
"200","inst/rmarkdown/templates/pluck_pdfs/skeleton/pluck_nab.Rmd","inst/rmarkdown/templates/pluck_pdfs/skeleton/pluck_nab_main.Rmd",339,339,1945,1947,1
"201","inst/rmarkdown/templates/pluck_pdfs/skeleton/pluck_nab.Rmd","inst/rmarkdown/templates/pluck_pdfs/skeleton/pluck_nab_main.Rmd",340,340,1964,1966,1
"202","inst/rmarkdown/templates/pluck_pdfs/skeleton/pluck_nab.Rmd","inst/rmarkdown/templates/pluck_pdfs/skeleton/pluck_nab_main.Rmd",342,342,2002,2004,1
"203","inst/rmarkdown/templates/pluck_pdfs/skeleton/pluck_nab.Rmd","inst/rmarkdown/templates/pluck_pdfs/skeleton/pluck_nab_main.Rmd",343,343,2016,2018,1
"204","inst/rmarkdown/templates/pluck_pdfs/skeleton/pluck_nab.Rmd","inst/rmarkdown/templates/pluck_pdfs/skeleton/pluck_nab_main.Rmd",344,344,2037,2039,1
"205","inst/rmarkdown/templates/pluck_pdfs/skeleton/pluck_nab.Rmd","inst/rmarkdown/templates/pluck_pdfs/skeleton/pluck_nab_main.Rmd",347,347,2069,2071,1
"206","inst/rmarkdown/templates/pluck_pdfs/skeleton/pluck_nab.Rmd","inst/rmarkdown/templates/pluck_pdfs/skeleton/pluck_nab_main.Rmd",349,349,2090,2092,1
"207","inst/rmarkdown/templates/pluck_pdfs/skeleton/pluck_nab.Rmd","inst/rmarkdown/templates/pluck_pdfs/skeleton/pluck_nab_main.Rmd",350,350,2102,2104,1
"208","inst/rmarkdown/templates/pluck_pdfs/skeleton/pluck_nab.Rmd","inst/rmarkdown/templates/pluck_pdfs/skeleton/pluck_nab_main.Rmd",359,359,2147,2149,1
"209","inst/rmarkdown/templates/pluck_pdfs/skeleton/pluck_nab.Rmd","inst/rmarkdown/templates/pluck_pdfs/skeleton/pluck_nab_main.Rmd",362,362,2165,2167,1
"210","inst/rmarkdown/templates/pluck_pdfs/skeleton/pluck_nab.Rmd","inst/rmarkdown/templates/pluck_pdfs/skeleton/pluck_nab_main.Rmd",365,365,2185,2187,1
"211","inst/rmarkdown/templates/pluck_pdfs/skeleton/pluck_pai.Rmd","inst/rmarkdown/templates/pluck_pdfs/skeleton/pluck_pai_adolescent.Rmd",125,113,256,207,1
"212","inst/rmarkdown/templates/pluck_pdfs/skeleton/pluck_pai.Rmd","inst/rmarkdown/templates/pluck_pdfs/skeleton/pluck_pai_adolescent.Rmd",133,120,391,316,1
"213","inst/rmarkdown/templates/pluck_pdfs/skeleton/pluck_pai.Rmd","inst/rmarkdown/templates/pluck_pdfs/skeleton/pluck_pai_adolescent.Rmd",134,121,454,379,1
"214","inst/rmarkdown/templates/pluck_pdfs/skeleton/pluck_pai.Rmd","inst/rmarkdown/templates/pluck_pdfs/skeleton/pluck_pai_adolescent.Rmd",135,122,517,442,1
"215","inst/rmarkdown/templates/pluck_pdfs/skeleton/pluck_pai.Rmd","inst/rmarkdown/templates/pluck_pdfs/skeleton/pluck_pai_adolescent.Rmd",136,123,548,473,1
"216","inst/rmarkdown/templates/pluck_pdfs/skeleton/pluck_pai.Rmd","inst/rmarkdown/templates/pluck_pdfs/skeleton/pluck_pai_adolescent.Rmd",137,124,609,534,1
"217","inst/rmarkdown/templates/pluck_pdfs/skeleton/pluck_pai.Rmd","inst/rmarkdown/templates/pluck_pdfs/skeleton/pluck_pai_adolescent.Rmd",138,125,640,565,1
"218","inst/rmarkdown/templates/pluck_pdfs/skeleton/pluck_pai.Rmd","inst/rmarkdown/templates/pluck_pdfs/skeleton/pluck_pai_adolescent.Rmd",140,127,698,623,1
"219","inst/rmarkdown/templates/pluck_pdfs/skeleton/pluck_wais4.Rmd","inst/rmarkdown/templates/pluck_pdfs/skeleton/pluck_wais5.Rmd",192,191,1284,1217,1
"220","inst/rmarkdown/templates/pluck_pdfs/skeleton/pluck_wisc5.Rmd","inst/rmarkdown/templates/pluck_pdfs/skeleton/pluck_wisc5_version2.Rmd",232,217,1152,1180,1
"221","inst/rmarkdown/templates/pluck_pdfs/skeleton/pluck_wisc5.Rmd","inst/rmarkdown/templates/pluck_pdfs/skeleton/pluck_wisc5_version2.Rmd",233,218,1170,1198,1
"222","inst/rmarkdown/templates/pluck_pdfs/skeleton/pluck_wisc5.Rmd","inst/rmarkdown/templates/pluck_pdfs/skeleton/pluck_wisc5_version2.Rmd",234,219,1188,1216,1
"223","inst/rmarkdown/templates/pluck_pdfs/skeleton/pluck_wisc5.Rmd","inst/rmarkdown/templates/pluck_pdfs/skeleton/pluck_wisc5_version2.Rmd",235,220,1206,1234,1
"224","inst/rmarkdown/templates/pluck_pdfs/skeleton/pluck_wisc5.Rmd","inst/rmarkdown/templates/pluck_pdfs/skeleton/pluck_wisc5_version2.Rmd",236,221,1224,1252,1
"225","inst/rmarkdown/templates/pluck_pdfs/skeleton/pluck_wisc5.Rmd","inst/rmarkdown/templates/pluck_pdfs/skeleton/pluck_wisc5_version2.Rmd",237,222,1243,1271,1
"226","inst/rmarkdown/templates/pluck_pdfs/skeleton/pluck_wisc5.Rmd","inst/rmarkdown/templates/pluck_pdfs/skeleton/pluck_wisc5_version2.Rmd",241,226,1296,1324,1
"227","inst/rmarkdown/templates/pluck_pdfs/skeleton/pluck_wisc5.Rmd","inst/rmarkdown/templates/pluck_pdfs/skeleton/pluck_wisc5_version2.Rmd",242,227,1322,1350,1
"228","inst/rmarkdown/templates/pluck_pdfs/skeleton/pluck_wisc5.Rmd","inst/rmarkdown/templates/pluck_pdfs/skeleton/pluck_wisc5_version2.Rmd",243,228,1338,1366,1
"229","inst/rmarkdown/templates/pluck_pdfs/skeleton/pluck_wisc5.Rmd","inst/rmarkdown/templates/pluck_pdfs/skeleton/pluck_wisc5_version2.Rmd",279,244,1422,1448,1
"230","inst/rmarkdown/templates/pluck_pdfs/skeleton/pluck_wisc5.Rmd","inst/rmarkdown/templates/pluck_pdfs/skeleton/pluck_wisc5_version2.Rmd",280,245,1448,1474,1
"231","inst/rmarkdown/templates/pluck_pdfs/skeleton/pluck_wisc5.Rmd","inst/rmarkdown/templates/pluck_pdfs/skeleton/pluck_wisc5_version2.Rmd",281,246,1464,1490,1
"232","inst/rmarkdown/templates/pluck_pdfs/skeleton/pluck_wisc5.Rmd","inst/rmarkdown/templates/pluck_pdfs/skeleton/pluck_wisc5_version2.Rmd",282,247,1484,1510,1
"233","inst/rmarkdown/templates/pluck_pdfs/skeleton/pluck_wisc5.Rmd","inst/rmarkdown/templates/pluck_pdfs/skeleton/pluck_wisc5_version2.Rmd",316,262,1544,1570,1
"234","inst/rmarkdown/templates/pluck_pdfs/skeleton/pluck_wisc5.Rmd","inst/rmarkdown/templates/pluck_pdfs/skeleton/pluck_wisc5_version2.Rmd",317,263,1570,1596,1
"235","inst/rmarkdown/templates/pluck_pdfs/skeleton/pluck_wisc5.Rmd","inst/rmarkdown/templates/pluck_pdfs/skeleton/pluck_wisc5_version2.Rmd",318,264,1586,1612,1
"236","inst/rmarkdown/templates/pluck_pdfs/skeleton/pluck_wisc5.Rmd","inst/rmarkdown/templates/pluck_pdfs/skeleton/pluck_wisc5_version2.Rmd",319,265,1606,1632,1
"237","inst/rmarkdown/templates/pluck_pdfs/skeleton/pluck_wisc5.Rmd","inst/rmarkdown/templates/pluck_pdfs/skeleton/pluck_wisc5_version2.Rmd",353,280,1666,1690,1
"238","inst/rmarkdown/templates/pluck_pdfs/skeleton/pluck_wisc5.Rmd","inst/rmarkdown/templates/pluck_pdfs/skeleton/pluck_wisc5_version2.Rmd",354,281,1692,1716,1
"239","inst/rmarkdown/templates/pluck_pdfs/skeleton/pluck_wisc5.Rmd","inst/rmarkdown/templates/pluck_pdfs/skeleton/pluck_wisc5_version2.Rmd",355,282,1708,1732,1
"240","inst/rmarkdown/templates/pluck_pdfs/skeleton/pluck_wisc5.Rmd","inst/rmarkdown/templates/pluck_pdfs/skeleton/pluck_wisc5_version2.Rmd",356,283,1728,1752,1
"241","inst/rmarkdown/templates/pluck_pdfs/skeleton/pluck_wisc5.Rmd","inst/rmarkdown/templates/pluck_pdfs/skeleton/pluck_wisc5_version2.Rmd",389,285,1787,1796,1
"242","inst/rmarkdown/templates/pluck_pdfs/skeleton/pluck_wisc5.Rmd","inst/rmarkdown/templates/pluck_pdfs/skeleton/pluck_wisc5_version2.Rmd",390,286,1813,1822,1
"243","inst/rmarkdown/templates/pluck_pdfs/skeleton/pluck_wisc5.Rmd","inst/rmarkdown/templates/pluck_pdfs/skeleton/pluck_wisc5_version2.Rmd",391,287,1829,1838,1
"244","inst/rmarkdown/templates/pluck_pdfs/skeleton/pluck_wisc5.Rmd","inst/rmarkdown/templates/pluck_pdfs/skeleton/pluck_wisc5_version2.Rmd",392,288,1849,1858,1
"245","inst/rmarkdown/templates/pluck_pdfs/skeleton/pluck_wisc5.Rmd","inst/rmarkdown/templates/pluck_pdfs/skeleton/pluck_wisc5_version2.Rmd",425,290,1908,1902,1
"246","inst/rmarkdown/templates/pluck_pdfs/skeleton/pluck_wisc5.Rmd","inst/rmarkdown/templates/pluck_pdfs/skeleton/pluck_wisc5_version2.Rmd",426,291,1934,1928,1
"247","inst/rmarkdown/templates/pluck_pdfs/skeleton/pluck_wisc5.Rmd","inst/rmarkdown/templates/pluck_pdfs/skeleton/pluck_wisc5_version2.Rmd",427,292,1950,1944,1
"248","inst/rmarkdown/templates/pluck_pdfs/skeleton/pluck_wisc5.Rmd","inst/rmarkdown/templates/pluck_pdfs/skeleton/pluck_wisc5_version2.Rmd",428,293,1970,1964,1
"249","inst/rmarkdown/templates/pluck_pdfs/skeleton/pluck_wisc5.Rmd","inst/rmarkdown/templates/pluck_pdfs/skeleton/pluck_wisc5_version2.Rmd",461,295,2029,2006,1
"250","inst/rmarkdown/templates/pluck_pdfs/skeleton/pluck_wisc5.Rmd","inst/rmarkdown/templates/pluck_pdfs/skeleton/pluck_wisc5_version2.Rmd",462,296,2055,2032,1
"251","inst/rmarkdown/templates/pluck_pdfs/skeleton/pluck_wisc5.Rmd","inst/rmarkdown/templates/pluck_pdfs/skeleton/pluck_wisc5_version2.Rmd",463,297,2071,2048,1
"252","inst/rmarkdown/templates/pluck_pdfs/skeleton/pluck_wisc5.Rmd","inst/rmarkdown/templates/pluck_pdfs/skeleton/pluck_wisc5_version2.Rmd",464,298,2093,2070,1
"253","inst/rmarkdown/templates/pluck_pdfs/skeleton/pluck_wrat5.Rmd","inst/rmarkdown/templates/pluck_pdfs/skeleton/pluck_wrat5_premorbid.Rmd",62,62,289,289,1
"254","inst/rmarkdown/templates/pluck_pdfs/skeleton/pluck_wrat5.Rmd","inst/rmarkdown/templates/pluck_pdfs/skeleton/pluck_wrat5_premorbid.Rmd",63,63,307,307,1
"255","inst/rmarkdown/templates/pluck_pdfs/skeleton/pluck_wrat5.Rmd","inst/rmarkdown/templates/pluck_pdfs/skeleton/pluck_wrat5_premorbid.Rmd",66,66,334,334,1
"256","R/DuckDBProcessorR6.R","_arxiv/DuckDBProcessorR6.R",110,106,110,106,0.999565783760313
"257","R/duckdb_neuropsych_loader.R","_arxiv/duckdb_neuropsych_loader_fixed.R",15,15,15,15,0.99882491186839
"258","inst/rmarkdown/templates/pluck_pdfs/skeleton/pluck_nepsy2_scales_ages2-16.R","inst/rmarkdown/templates/pluck_pdfs/skeleton/pluck_nepsy2_scales_lookup_ages2-16.R",17,24,561,597,0.99780701754386
"259","_arxiv/TableGT.R","_arxiv/clean_tablegt.R",36,36,36,36,0.995708154506438
"260","R/neuro2-package.R","_arxiv/package_main_functions.R",70,70,72,72,0.995433789954338
"261","R/ScoreTypeCacheR6.R","_arxiv/ScoreTypeCacheR6.R",21,4,21,4,0.994666666666667
"262","inst/rmarkdown/templates/pluck_pdfs/skeleton/pluck_nepsy2_scales_ages2-16.R","inst/rmarkdown/templates/pluck_pdfs/skeleton/pluck_nepsy2_scales_lookup_ages2-16.R",15,22,448,486,0.99412915851272
"263","inst/rmarkdown/templates/pluck_pdfs/skeleton/pluck_pai.Rmd","inst/rmarkdown/templates/pluck_pdfs/skeleton/pluck_rsi.Rmd",133,116,391,356,0.99250936329588
"264","inst/rmarkdown/templates/pluck_pdfs/skeleton/pluck_pai.Rmd","inst/rmarkdown/templates/pluck_pdfs/skeleton/pluck_rsi.Rmd",134,117,454,419,0.99250936329588
"265","inst/rmarkdown/templates/pluck_pdfs/skeleton/pluck_pai.Rmd","inst/rmarkdown/templates/pluck_pdfs/skeleton/pluck_rsi.Rmd",136,119,548,513,0.99250936329588
"266","inst/rmarkdown/templates/pluck_pdfs/skeleton/pluck_pai.Rmd","inst/rmarkdown/templates/pluck_pdfs/skeleton/pluck_rsi.Rmd",138,121,640,605,0.992217898832685
"267","R/tidy_data.R","_arxiv/duckdb.R",13,3,13,39,0.990950226244344
"268","inst/rmarkdown/templates/pluck_pdfs/skeleton/pluck_pai.Rmd","inst/rmarkdown/templates/pluck_pdfs/skeleton/pluck_pai_adolescent.Rmd",126,115,277,229,0.989473684210526
"269","inst/rmarkdown/templates/pluck_pdfs/skeleton/pluck_pai.Rmd","inst/rmarkdown/templates/pluck_pdfs/skeleton/pluck_pai_adolescent.Rmd",127,116,301,253,0.989473684210526
"270","_arxiv/neuro2_R6_update_workflow_fixed.R","neuro2_r6_update_workflow.R",25,28,534,577,0.988888888888889
"271","data-raw/create_sysdata.R","data-raw/create_sysdata.R",97,103,983,1076,0.988505747126437
"272","inst/rmarkdown/templates/pluck_pdfs/skeleton/pluck_caars2.Rmd","inst/rmarkdown/templates/pluck_pdfs/skeleton/pluck_conners4_self.Rmd",107,169,373,542,0.987577639751553
"273","_arxiv/03_render_domains.R","_arxiv/render_domains3.R",12,12,79,79,0.986784140969163
"274","inst/rmarkdown/templates/pluck_pdfs/skeleton/plant_csv_neurocog.Rmd","inst/rmarkdown/templates/pluck_pdfs/skeleton/plant_validity_scores.Rmd",28,31,497,336,0.984615384615385
"275","_arxiv/TableGT.R","_arxiv/clean_tablegt.R",65,65,220,216,0.982051282051282
"276","inst/rmarkdown/templates/pluck_pdfs/skeleton/pluck_pai.Rmd","inst/rmarkdown/templates/pluck_pdfs/skeleton/pluck_rsi.Rmd",137,120,609,574,0.981481481481482
"277","inst/rmarkdown/templates/pluck_pdfs/skeleton/pluck_pai.Rmd","inst/rmarkdown/templates/pluck_pdfs/skeleton/pluck_rsi.Rmd",140,123,698,663,0.981481481481482
"278","_arxiv/DomainProcessorR6_Claude.R","_arxiv/SimplifiedDomainProcessor.R",38,11,38,11,0.979778212654925
"279","inst/rmarkdown/templates/pluck_pdfs/skeleton/pluck_general.Rmd","inst/rmarkdown/templates/pluck_pdfs/skeleton/pluck_wais5.Rmd",137,105,617,570,0.979166666666667
"280","inst/rmarkdown/templates/pluck_pdfs/skeleton/pluck_pai.Rmd","inst/rmarkdown/templates/pluck_pdfs/skeleton/pluck_rsi.Rmd",127,110,301,262,0.979166666666667
"281","inst/rmarkdown/templates/pluck_pdfs/skeleton/pluck_pai.Rmd","inst/rmarkdown/templates/pluck_pdfs/skeleton/pluck_rsi.Rmd",129,112,347,312,0.979166666666667
"282","inst/rmarkdown/templates/pluck_pdfs/skeleton/pluck_wais4.Rmd","inst/rmarkdown/templates/pluck_pdfs/skeleton/pluck_wais5.Rmd",106,105,637,570,0.979166666666667
"283","inst/rmarkdown/templates/pluck_pdfs/skeleton/pluck_general.Rmd","inst/rmarkdown/templates/pluck_pdfs/skeleton/pluck_wais4.Rmd",223,192,1264,1284,0.978723404255319
"284","inst/rmarkdown/templates/pluck_pdfs/skeleton/pluck_pai.Rmd","inst/rmarkdown/templates/pluck_pdfs/skeleton/pluck_rsi.Rmd",135,118,517,482,0.978260869565217
"285","inst/rmarkdown/templates/pluck_pdfs/skeleton/pluck_pai.Rmd","inst/rmarkdown/templates/pluck_pdfs/skeleton/pluck_rsi.Rmd",125,109,256,241,0.976190476190476
"286","inst/rmarkdown/templates/pluck_pdfs/skeleton/pluck_nab.Rmd","inst/rmarkdown/templates/pluck_pdfs/skeleton/pluck_nab_comprehensive.Rmd",168,173,911,1013,0.975609756097561
"287","_arxiv/safe_sysdata_update_examples.R","data-raw/create_sysdata.R",17,15,31,30,0.971428571428571
"288","inst/rmarkdown/templates/pluck_pdfs/skeleton/pluck_general_locate_areas.Rmd","inst/rmarkdown/templates/pluck_pdfs/skeleton/pluck_nab_comprehensive.Rmd",97,61,364,619,0.970873786407767
"289","_arxiv/neuro2_R6_update_workflow_fixed.R","neuro2_r6_update_workflow.R",21,24,134,175,0.970588235294118
"290","inst/rmarkdown/templates/pluck_pdfs/skeleton/pluck_pai.Rmd","inst/rmarkdown/templates/pluck_pdfs/skeleton/pluck_pai_adolescent.Rmd",128,117,324,276,0.968421052631579
"291","inst/rmarkdown/templates/pluck_pdfs/skeleton/pluck_pai_adolescent.Rmd","inst/rmarkdown/templates/pluck_pdfs/skeleton/pluck_rsi.Rmd",117,111,276,287,0.968421052631579
"292","inst/rmarkdown/templates/pluck_pdfs/skeleton/pluck_nab.Rmd","inst/rmarkdown/templates/pluck_pdfs/skeleton/pluck_nabs.Rmd",365,198,2185,1504,0.967032967032967
"293","R/domain_processing_utils.R","_arxiv/domain_processor_utils.R",249,82,1006,475,0.966101694915254
"294","inst/rmarkdown/templates/pluck_pdfs/skeleton/pluck_nab.Rmd","inst/rmarkdown/templates/pluck_pdfs/skeleton/pluck_nab_comprehensive.Rmd",190,195,962,1070,0.96551724137931
"295","R/PackageManagerR6.R","_arxiv/PackageManagerR6.R",29,16,29,16,0.963515754560531
"296","inst/rmarkdown/templates/pluck_pdfs/skeleton/pluck_caars.Rmd","inst/rmarkdown/templates/pluck_pdfs/skeleton/pluck_nab_comprehensive.Rmd",39,64,165,639,0.96
"297","inst/rmarkdown/templates/pluck_pdfs/skeleton/pluck_wisc5.Rmd","inst/rmarkdown/templates/pluck_pdfs/skeleton/pluck_wisc5_version2.Rmd",244,229,1360,1388,0.955555555555556
"298","inst/rmarkdown/templates/pluck_pdfs/skeleton/pluck_nepsy2_scales_ages2-16.R","inst/rmarkdown/templates/pluck_pdfs/skeleton/pluck_nepsy2_scales_lookup_ages2-16.R",6,8,12,13,0.954954954954955
"299","_arxiv/DomainProcessor2R6.R","_arxiv/DomainProcessorR6_bunk.R",58,39,3268,1213,0.952380952380952
"300","_arxiv/generate_figures.R","_arxiv/generate_tables copy.R",12,13,98,118,0.952380952380952
"301","_arxiv/scripts/prepare_data_files.R","_arxiv/scripts/prepare_data_files.R",31,35,86,160,0.95
"302","_arxiv/03_render_domains.R","_arxiv/render_domains3.R",17,17,218,216,0.945652173913043
"303","R/domain_processing_utils.R","_arxiv/domain_processor_utils.R",222,55,775,253,0.944099378881988
"304","_arxiv/DomainProcessor2R6.R","_arxiv/DomainProcessorR6 copy.R",39,46,39,46,0.943131462333826
"305","R/neuropsych_test_scoring.R","R/neuropsych_test_scoring.R",28,36,151,221,0.942148760330578
"306","R/neuropsych_test_scoring.R","R/neuropsych_test_scoring.R",10,20,10,80,0.937238493723849
"307","inst/rmarkdown/templates/pluck_pdfs/skeleton/pluck_conners4.Rmd","inst/rmarkdown/templates/pluck_pdfs/skeleton/pluck_conners4_self.Rmd",145,170,631,582,0.933333333333333
"308","_arxiv/core_generate_domain_files.R","generate_domain_files.R",25,21,94,128,0.932821497120921
"309","R/workflow_data_processor.R","R/workflow_data_processor.R",17,19,81,100,0.92156862745098
"310","inst/rmarkdown/templates/pluck_pdfs/skeleton/pluck_general.Rmd","inst/rmarkdown/templates/pluck_pdfs/skeleton/pluck_general_locate_areas.Rmd",59,97,227,364,0.92
"311","inst/rmarkdown/templates/pluck_pdfs/skeleton/pluck_caars.Rmd","inst/rmarkdown/templates/pluck_pdfs/skeleton/pluck_general.Rmd",39,62,165,244,0.916666666666667
"312","R/duckdb_neuropsych_loader.R","_arxiv/duckdb_neuropsych_loader_fixed.R",26,26,291,289,0.914893617021277
"313","R/TableGTR6.R","_arxiv/TableGTR6.R",43,38,43,38,0.913333333333333
"314","R/workflow_data_processor.R","R/workflow_utils.R",17,31,81,192,0.901960784313726
"315","R/workflow_domain_generator.R","_arxiv/core_domain_generator_module.R",201,45,371,232,0.889830508474576
"316","inst/rmarkdown/templates/pluck_pdfs/skeleton/pluck_nepsy2_scales_ages2-16.R","inst/rmarkdown/templates/pluck_pdfs/skeleton/pluck_nepsy2_scales_lookup_ages2-16.R",13,20,337,375,0.889112903225806
"317","inst/rmarkdown/templates/pluck_pdfs/skeleton/pluck_nab.Rmd","inst/rmarkdown/templates/pluck_pdfs/skeleton/pluck_nabs.Rmd",342,167,2002,1306,0.888888888888889
"318","inst/rmarkdown/templates/pluck_pdfs/skeleton/pluck_rbans.Rmd","inst/rmarkdown/templates/pluck_pdfs/skeleton/pluck_rbans.Rmd",74,75,752,782,0.883870967741936
"319","inst/rmarkdown/templates/pluck_pdfs/skeleton/pluck_rbans.Rmd","inst/rmarkdown/templates/pluck_pdfs/skeleton/pluck_rbans.Rmd",75,76,782,812,0.883870967741936
"320","inst/rmarkdown/templates/pluck_pdfs/skeleton/pluck_nepsy2_scales_ages2-16.R","inst/rmarkdown/templates/pluck_pdfs/skeleton/pluck_nepsy2_scales_lookup_ages2-16.R",9,16,134,150,0.882028665931643
"321","inst/rmarkdown/templates/pluck_pdfs/skeleton/pluck_nabs.Rmd","inst/rmarkdown/templates/pluck_pdfs/skeleton/pluck_nabs.Rmd",147,151,1003,1061,0.880952380952381
"322","inst/rmarkdown/templates/pluck_pdfs/skeleton/pluck_rbans.Rmd","inst/rmarkdown/templates/pluck_pdfs/skeleton/pluck_rbans.Rmd",72,73,690,721,0.87459807073955
"323","inst/rmarkdown/templates/pluck_pdfs/skeleton/pluck_rbans.Rmd","inst/rmarkdown/templates/pluck_pdfs/skeleton/pluck_rbans.Rmd",73,77,721,842,0.870967741935484
"324","inst/rmarkdown/templates/pluck_pdfs/skeleton/pluck_rbans.Rmd","inst/rmarkdown/templates/pluck_pdfs/skeleton/pluck_rbans.Rmd",73,78,721,872,0.870967741935484
"325","inst/rmarkdown/templates/pluck_pdfs/skeleton/pluck_nepsy2_scales_ages2-16.R","inst/rmarkdown/templates/pluck_pdfs/skeleton/pluck_nepsy2_scales_lookup_ages2-16.R",11,18,227,265,0.868312757201646
"326","R/workflow_utils.R","R/workflow_utils.R",32,33,210,228,0.862745098039216
"327","_arxiv/DomainProcessor.R","_arxiv/DomainProcessorR6 copy 2.R",40,40,40,40,0.861881070836295
"328","inst/rmarkdown/templates/pluck_pdfs/skeleton/pluck_rbans.Rmd","inst/rmarkdown/templates/pluck_pdfs/skeleton/pluck_rbans.Rmd",71,72,659,690,0.858974358974359
"329","inst/rmarkdown/templates/pluck_pdfs/skeleton/pluck_general.Rmd","inst/rmarkdown/templates/pluck_pdfs/skeleton/pluck_nabs.Rmd",103,121,406,690,0.857142857142857
"330","inst/rmarkdown/templates/pluck_pdfs/skeleton/pluck_nabs.Rmd","inst/rmarkdown/templates/pluck_pdfs/skeleton/pluck_nabs.Rmd",141,147,921,1003,0.857142857142857
"331","inst/rmarkdown/templates/pluck_pdfs/skeleton/pluck_dkefs.Rmd","inst/rmarkdown/templates/pluck_pdfs/skeleton/pluck_dkefs.Rmd",33,37,300,380,0.851485148514851
"332","inst/rmarkdown/templates/pluck_pdfs/skeleton/pluck_rbans.Rmd","inst/rmarkdown/templates/pluck_pdfs/skeleton/pluck_rbans.Rmd",27,36,176,262,0.848
"333","inst/rmarkdown/templates/pluck_pdfs/skeleton/pluck_rbans.Rmd","inst/rmarkdown/templates/pluck_pdfs/skeleton/pluck_rbans.Rmd",27,40,176,342,0.848
"334","_arxiv/core_generate_domain_files.R","inst/scripts/template_integration.R",22,19,26,359,0.841121495327103
"335","inst/rmarkdown/templates/pluck_pdfs/skeleton/pluck_basc3_prs_preschool.Rmd","inst/rmarkdown/templates/pluck_pdfs/skeleton/pluck_nepsy2.Rmd",73,59,228,166,0.83495145631068
"336","inst/rmarkdown/templates/pluck_pdfs/skeleton/pluck_nab.Rmd","inst/rmarkdown/templates/pluck_pdfs/skeleton/pluck_nabs.Rmd",287,122,1348,708,0.833333333333333
"337","_arxiv/domain_generator_module copy.R","_arxiv/domain_generator_module.R",42,46,199,196,0.829090909090909
"338","inst/rmarkdown/templates/pluck_pdfs/skeleton/pluck_nepsy2_scales_ages2-16.R","inst/rmarkdown/templates/pluck_pdfs/skeleton/pluck_nepsy2_scales_lookup_ages2-16.R",23,36,799,824,0.818930041152263
"339","_arxiv/04_updated_workflow_quarto.R","_arxiv/neuro2_efficient_workflow.R",9,20,11,195,0.816666666666667
"340","inst/rmarkdown/templates/pluck_pdfs/skeleton/pluck_caars.Rmd","inst/rmarkdown/templates/pluck_pdfs/skeleton/pluck_caars2.Rmd",77,113,544,429,0.814516129032258
"341","inst/rmarkdown/templates/pluck_pdfs/skeleton/pluck_wiat4.Rmd","inst/rmarkdown/templates/pluck_pdfs/skeleton/pluck_wiat4.Rmd",167,168,485,523,0.814285714285714
"342","inst/rmarkdown/templates/pluck_pdfs/skeleton/pluck_nabs.Rmd","inst/rmarkdown/templates/pluck_pdfs/skeleton/pluck_nabs.Rmd",121,135,690,837,0.80952380952381
"343","inst/rmarkdown/templates/pluck_pdfs/skeleton/pluck_nabs.Rmd","inst/rmarkdown/templates/pluck_pdfs/skeleton/pluck_nabs.Rmd",121,161,690,1190,0.80952380952381
"344","inst/rmarkdown/templates/pluck_pdfs/skeleton/pluck_nabs.Rmd","inst/rmarkdown/templates/pluck_pdfs/skeleton/pluck_nabs.Rmd",132,164,794,1252,0.80952380952381
"345","inst/rmarkdown/templates/pluck_pdfs/skeleton/pluck_nabs.Rmd","inst/rmarkdown/templates/pluck_pdfs/skeleton/pluck_nabs.Rmd",130,136,763,853,0.808510638297872
"346","_arxiv/domain_workflow_fix.R","_arxiv/domain_workflow_fix2.R",25,27,401,522,0.80672268907563
"347","R/workflow_utils.R","_arxiv/core_report_generator_module.R",22,20,82,50,0.804733727810651
"348","inst/rmarkdown/templates/pluck_pdfs/skeleton/pluck_dkefs.Rmd","inst/rmarkdown/templates/pluck_pdfs/skeleton/pluck_dkefs.Rmd",32,33,280,300,0.803921568627451
"349","R/workflow_domain_generator.R","_arxiv/core_domain_generator_module.R",203,53,449,518,0.803827751196172
"350","R/workflow_setup.R","_tests/test_unified_workflow.R",15,17,373,75,0.8
"351","inst/rmarkdown/templates/pluck_pdfs/skeleton/pluck_dkefs.Rmd","inst/rmarkdown/templates/pluck_pdfs/skeleton/pluck_dkefs.Rmd",37,39,380,414,0.8
"352","inst/rmarkdown/templates/pluck_pdfs/skeleton/pluck_ktea3.Rmd","inst/rmarkdown/templates/pluck_pdfs/skeleton/pluck_ktea3.Rmd",76,78,417,476,0.8
"353","inst/rmarkdown/templates/pluck_pdfs/skeleton/pluck_ktea3.Rmd","inst/rmarkdown/templates/pluck_pdfs/skeleton/pluck_ktea3.Rmd",76,83,417,594,0.8
"354","inst/rmarkdown/templates/pluck_pdfs/skeleton/pluck_ktea3.Rmd","inst/rmarkdown/templates/pluck_pdfs/skeleton/pluck_ktea3.Rmd",79,82,494,558,0.8
"355","inst/rmarkdown/templates/pluck_pdfs/skeleton/pluck_ktea3.Rmd","inst/rmarkdown/templates/pluck_pdfs/skeleton/pluck_ktea3.Rmd",79,84,494,613,0.8
"356","inst/rmarkdown/templates/pluck_pdfs/skeleton/pluck_wiat4.Rmd","inst/rmarkdown/templates/pluck_pdfs/skeleton/pluck_wiat4.Rmd",167,169,485,563,0.8
"357","inst/rmarkdown/templates/pluck_pdfs/skeleton/pluck_wiat4.Rmd","inst/rmarkdown/templates/pluck_pdfs/skeleton/pluck_wiat4.Rmd",167,170,485,603,0.8
"358","inst/rmarkdown/templates/pluck_pdfs/skeleton/pluck_wiat4.Rmd","inst/rmarkdown/templates/pluck_pdfs/skeleton/pluck_wiat4.Rmd",167,171,485,643,0.8
"359","inst/rmarkdown/templates/pluck_pdfs/skeleton/pluck_wisc5_version2.Rmd","inst/rmarkdown/templates/pluck_pdfs/skeleton/pluck_wisc5_version2.Rmd",261,279,1543,1665,0.8
"360","inst/rmarkdown/templates/pluck_pdfs/skeleton/pluck_wisc5_version2.Rmd","inst/rmarkdown/templates/pluck_pdfs/skeleton/pluck_wisc5_version2.Rmd",261,284,1543,1769,0.8
"361","inst/rmarkdown/templates/pluck_pdfs/skeleton/pluck_wisc5_version2.Rmd","inst/rmarkdown/templates/pluck_pdfs/skeleton/pluck_wisc5_version2.Rmd",261,289,1543,1875,0.8
"362","inst/rmarkdown/templates/pluck_pdfs/skeleton/pluck_wisc5_version2.Rmd","inst/rmarkdown/templates/pluck_pdfs/skeleton/pluck_wisc5_version2.Rmd",261,294,1543,1981,0.8
"363","inst/rmarkdown/templates/pluck_pdfs/skeleton/pluck_nab.Rmd","inst/rmarkdown/templates/pluck_pdfs/skeleton/pluck_nabs.Rmd",342,170,2002,1385,0.796296296296296
"364","inst/rmarkdown/templates/pluck_pdfs/skeleton/pluck_dkefs.Rmd","inst/rmarkdown/templates/pluck_pdfs/skeleton/pluck_dkefs.Rmd",34,35,320,340,0.795918367346939
"365","inst/rmarkdown/templates/pluck_pdfs/skeleton/pluck_dkefs.Rmd","inst/rmarkdown/templates/pluck_pdfs/skeleton/pluck_dkefs.Rmd",34,36,320,360,0.795918367346939
"366","R/neuropsych_test_scoring.R","R/neuropsych_test_scoring.R",59,82,308,487,0.794223826714801
"367","R/domain_processing_utils2.R","R/domain_processing_utils2.R",15,17,78,118,0.787096774193548
"368","_arxiv/core_generate_domain_files.R","generate_domain_files.R",22,18,26,59,0.783783783783784
"369","inst/rmarkdown/templates/pluck_pdfs/skeleton/pluck_nab.Rmd","inst/rmarkdown/templates/pluck_pdfs/skeleton/pluck_nabs.Rmd",343,168,2016,1340,0.775280898876405
"370","inst/rmarkdown/templates/pluck_pdfs/skeleton/pluck_cefi.Rmd","inst/rmarkdown/templates/pluck_pdfs/skeleton/pluck_cefi.Rmd",111,113,409,442,0.770491803278688
"371","inst/rmarkdown/templates/pluck_pdfs/skeleton/pluck_cefi.Rmd","inst/rmarkdown/templates/pluck_pdfs/skeleton/pluck_cefi.Rmd",111,115,409,475,0.770491803278688
"372","inst/rmarkdown/templates/pluck_pdfs/skeleton/pluck_nab.Rmd","inst/rmarkdown/templates/pluck_pdfs/skeleton/pluck_nab_comprehensive.Rmd",31,27,452,450,0.768558951965066
"373","check_all_templates.R","setup_templates.R",20,27,59,67,0.766666666666667
"374","inst/rmarkdown/templates/pluck_pdfs/skeleton/pluck_caars.Rmd","inst/rmarkdown/templates/pluck_pdfs/skeleton/pluck_caars2.Rmd",72,107,446,373,0.763975155279503
"375","_arxiv/neuro2_R6_update_workflow_fixed.R","neuro2_r6_update_workflow.R",27,30,604,647,0.76271186440678
"376","inst/rmarkdown/templates/pluck_pdfs/skeleton/pluck_nab.Rmd","inst/rmarkdown/templates/pluck_pdfs/skeleton/pluck_nabs.Rmd",334,162,1843,1212,0.762589928057554
"377","inst/rmarkdown/templates/pluck_pdfs/skeleton/pluck_wiat4.Rmd","inst/rmarkdown/templates/pluck_pdfs/skeleton/pluck_wiat4.Rmd",74,75,287,303,0.757894736842105
"378","inst/rmarkdown/templates/pluck_pdfs/skeleton/pluck_cefi.Rmd","inst/rmarkdown/templates/pluck_pdfs/skeleton/pluck_cefi.Rmd",111,117,409,508,0.754098360655738
"379","inst/rmarkdown/templates/pluck_pdfs/skeleton/pluck_wppsi4_age2-3.Rmd","inst/rmarkdown/templates/pluck_pdfs/skeleton/pluck_wrat5.Rmd",86,66,373,334,0.752136752136752
"380","inst/rmarkdown/templates/pluck_pdfs/skeleton/pluck_nepsy2_scales_lookup_ages2-16.R","inst/rmarkdown/templates/pluck_pdfs/skeleton/pluck_nepsy2_scales_lookup_ages2-16.R",26,36,695,824,0.745967741935484
"381","inst/rmarkdown/templates/pluck_pdfs/skeleton/pluck_basc3_prs_preschool.Rmd","inst/rmarkdown/templates/pluck_pdfs/skeleton/pluck_brown_efa.Rmd",83,57,285,347,0.74468085106383
"382","R/workflow_config.R","_arxiv/unified_workflow_runner 2.R",4,28,27,73,0.737704918032787
"383","inst/rmarkdown/templates/pluck_pdfs/skeleton/pluck_basc3_prs_preschool.Rmd","inst/rmarkdown/templates/pluck_pdfs/skeleton/pluck_basc3_prs_preschool.Rmd",73,74,228,246,0.733333333333333
"384","inst/rmarkdown/templates/pluck_pdfs/skeleton/pluck_caars2.Rmd","inst/rmarkdown/templates/pluck_pdfs/skeleton/pluck_caars2.Rmd",101,103,311,331,0.716981132075472
"385","R/DomainProcessorR6.R","_arxiv/DomainProcessorR6 copy 3.R",11,18,11,18,0.707366707366707
"386","R/score_type_utils.R","R/score_type_utils.R",45,55,158,274,0.703389830508475
"387","inst/rmarkdown/templates/pluck_pdfs/skeleton/pluck_nepsy2_scales_ages2-16.R","inst/rmarkdown/templates/pluck_pdfs/skeleton/pluck_nepsy2_scales_lookup_ages2-16.R",19,26,660,695,0.70264765784114
"388","inst/rmarkdown/templates/pluck_pdfs/skeleton/pluck_bsra4.Rmd","inst/rmarkdown/templates/pluck_pdfs/skeleton/pluck_nabs.Rmd",67,168,278,1340,0.699300699300699
"389","inst/rmarkdown/templates/pluck_pdfs/skeleton/pluck_wisc5_version2.Rmd","inst/rmarkdown/templates/pluck_pdfs/skeleton/pluck_wisc5_version2.Rmd",261,299,1543,2087,0.693333333333333
"390","inst/rmarkdown/templates/pluck_pdfs/skeleton/pluck_caars2.Rmd","inst/rmarkdown/templates/pluck_pdfs/skeleton/pluck_conners4_self.Rmd",103,165,331,496,0.692913385826772
"391","inst/rmarkdown/templates/pluck_pdfs/skeleton/pluck_caars.Rmd","inst/rmarkdown/templates/pluck_pdfs/skeleton/pluck_caars.Rmd",70,71,321,379,0.673333333333333
"392","_arxiv/unified_workflow_runner 2.R","_tests/test_unified_workflow.R",28,21,73,123,0.673076923076923
"393","inst/rmarkdown/templates/pluck_pdfs/skeleton/pluck_rbans.Rmd","inst/rmarkdown/templates/pluck_pdfs/skeleton/pluck_rbans.Rmd",36,44,262,424,0.669201520912547
"394","_arxiv/duckdb_data_loader.R","_arxiv/duckdb_data_loader.R",24,26,310,338,0.666666666666667
"395","inst/rmarkdown/templates/pluck_pdfs/skeleton/pluck_cvlt3.Rmd","inst/rmarkdown/templates/pluck_pdfs/skeleton/pluck_general.Rmd",92,109,505,514,0.666666666666667
"396","inst/rmarkdown/templates/pluck_pdfs/skeleton/pluck_ktea3.Rmd","inst/rmarkdown/templates/pluck_pdfs/skeleton/pluck_ktea3.Rmd",75,77,375,435,0.666666666666667
"397","inst/rmarkdown/templates/pluck_pdfs/skeleton/pluck_conners4.Rmd","inst/rmarkdown/templates/pluck_pdfs/skeleton/pluck_conners4_self.Rmd",136,158,394,376,0.657777777777778
"398","inst/rmarkdown/templates/pluck_pdfs/skeleton/pluck_dkefs.Rmd","inst/rmarkdown/templates/pluck_pdfs/skeleton/pluck_ktea3.Rmd",32,73,280,337,0.653465346534653
"399","_arxiv/scripts/prepare_data_files.R","_arxiv/scripts/prepare_data_files.R",33,37,115,189,0.652173913043478
"400","inst/rmarkdown/templates/pluck_pdfs/skeleton/pluck_ktea3.Rmd","inst/rmarkdown/templates/pluck_pdfs/skeleton/pluck_ktea3.Rmd",74,76,357,417,0.65
"401","_arxiv/complete_workflow_fix.R","_arxiv/domain_workflow_fix2.R",36,21,229,281,0.64963503649635
"402","_arxiv/01_import_process_data.R","_arxiv/scripts/prepare_data_files.R",42,33,130,115,0.644808743169399
"403","inst/rmarkdown/templates/pluck_pdfs/skeleton/pluck_wiat4.Rmd","inst/rmarkdown/templates/pluck_pdfs/skeleton/pluck_wiat4.Rmd",167,172,485,681,0.644776119402985
"404","inst/rmarkdown/templates/pluck_pdfs/skeleton/pluck_wisc5.Rmd","inst/rmarkdown/templates/pluck_pdfs/skeleton/pluck_wisc5.Rmd",39,52,247,296,0.641509433962264
"405","inst/rmarkdown/templates/pluck_pdfs/skeleton/pluck_wisc5_version2.Rmd","inst/rmarkdown/templates/pluck_pdfs/skeleton/pluck_wisc5_version2.Rmd",243,299,1422,2087,0.64
"406","_arxiv/complete_workflow_fix.R","_arxiv/r6_classes_fix.R",32,22,208,214,0.634615384615385
"407","_arxiv/DuckDBProcessorR6.R","_arxiv/DuckDBProcessorR6_arxiv.R",106,30,106,30,0.632799558255108
"408","R/pluck_neuropsych_test_results.R","_arxiv/extract_test_data.R",150,38,617,38,0.632438739789965
"409","_arxiv/scripts/prepare_data_files.R","_arxiv/scripts/prepare_data_files.R",37,39,189,213,0.6282722513089
"410","inst/rmarkdown/templates/pluck_pdfs/skeleton/pluck_rbans.Rmd","inst/rmarkdown/templates/pluck_pdfs/skeleton/pluck_rbans.Rmd",25,27,144,176,0.61878453038674
"411","_arxiv/DomainProcessorR6.R","_arxiv/DomainProcessorR6.R",138,181,276,401,0.613756613756614
"412","inst/rmarkdown/templates/pluck_pdfs/skeleton/pluck_dkefs.Rmd","inst/rmarkdown/templates/pluck_pdfs/skeleton/pluck_pai.Rmd",30,126,249,277,0.613636363636364
"413","_arxiv/archive/generate_tables_fixed.R","_arxiv/generate_tables copy.R",19,11,115,21,0.611428571428571
"414","_arxiv/duckdb_neuropsych_loader_fixed.R","_arxiv/duckdb_parquet_neuropsych_loader.R",15,15,15,15,0.605388272583201
"415","inst/rmarkdown/templates/pluck_pdfs/skeleton/pluck_conners4.Rmd","inst/rmarkdown/templates/pluck_pdfs/skeleton/pluck_conners4_self.Rmd",144,169,508,542,0.602247191011236
"416","R/pluck_neuropsych_test_results.R","_arxiv/extract_test_data.R",98,38,310,38,0.6
"417","R/domain_processing_utils.R","_arxiv/generate_tables copy.R",191,11,533,21,0.593471810089021
"418","inst/rmarkdown/templates/pluck_pdfs/skeleton/pluck_nab.Rmd","inst/rmarkdown/templates/pluck_pdfs/skeleton/pluck_nabs.Rmd",80,79,646,449,0.592964824120603
"419","R/pluck_neuropsych_test_results.R","_arxiv/rbans_extractor.R",837,28,2204,275,0.592592592592593
"420","R/domain_processing_utils.R","_arxiv/DomainProcessorR6.R",181,165,480,368,0.587301587301587
"421","inst/rmarkdown/templates/pluck_pdfs/skeleton/pluck_caars.Rmd","inst/rmarkdown/templates/pluck_pdfs/skeleton/pluck_wppsi4_age2-3.Rmd",72,79,446,327,0.586206896551724
"422","inst/rmarkdown/templates/pluck_pdfs/skeleton/pluck_ktea3.Rmd","inst/rmarkdown/templates/pluck_pdfs/skeleton/pluck_nepsy2_scales_ages2-16.R",79,21,494,766,0.5859375
"423","inst/rmarkdown/templates/pluck_pdfs/skeleton/pluck_general.Rmd","inst/rmarkdown/templates/pluck_pdfs/skeleton/pluck_wppsi4_age2-3.Rmd",74,47,302,219,0.579710144927536
"424","inst/rmarkdown/templates/pluck_pdfs/skeleton/pluck_nab.Rmd","inst/rmarkdown/templates/pluck_pdfs/skeleton/pluck_nabs.Rmd",102,60,702,357,0.573170731707317
"425","R/duckdb_neuropsych_loader.R","_arxiv/duckdb_data_loader.R",45,46,511,466,0.571428571428571
"426","R/pdf.R","inst/rmarkdown/templates/pluck_pdfs/skeleton/plant_validity_scores.Rmd",91,31,321,336,0.571428571428571
"427","_arxiv/main_workflow_runner.R","inst/scripts/main_workflow_runner.R",16,24,92,337,0.571428571428571
"428","R/workflow_domain_generator.R","R/workflow_setup.R",9,15,42,373,0.567901234567901
"429","inst/rmarkdown/templates/pluck_pdfs/skeleton/plant_validity_scores.Rmd","inst/rmarkdown/templates/pluck_pdfs/skeleton/pluck_ktea3.Rmd",28,75,284,375,0.567164179104478
"430","inst/rmarkdown/templates/pluck_pdfs/skeleton/pluck_nab.Rmd","inst/rmarkdown/templates/pluck_pdfs/skeleton/pluck_nabs.Rmd",256,70,1117,410,0.566929133858268
"431","_arxiv/duckdb_neuropsych_loader_fixed.R","_arxiv/duckdb_parquet_neuropsych_loader.R",26,26,289,143,0.565891472868217
"432","check_all_templates.R","check_all_templates.R",20,23,59,95,0.548387096774194
"433","R/domain_processing_utils.R","R/domain_processing_utils2.R",201,23,632,208,0.545454545454545
"434","_arxiv/domain_workflow_fix.R","_arxiv/domain_workflow_fix2.R",21,23,281,371,0.542635658914729
"435","inst/rmarkdown/templates/pluck_pdfs/skeleton/pluck_caars.Rmd","inst/rmarkdown/templates/pluck_pdfs/skeleton/pluck_nabs.Rmd",42,60,183,357,0.542222222222222
"436","inst/rmarkdown/templates/pluck_pdfs/skeleton/plant_csv_neurocog.Rmd","inst/rmarkdown/templates/pluck_pdfs/skeleton/pluck_pai.Rmd",24,138,411,640,0.534615384615385
"437","_arxiv/04_updated_workflow_quarto.R","_arxiv/benchmark_r6_performance.R",15,21,224,90,0.532110091743119
"438","_arxiv/DomainProcessorR6.R","_arxiv/DomainProcessorR6Combo.R",232,18,737,18,0.531500572737686
"439","R/workflow_utils.R","setup_templates.R",29,27,148,67,0.527272727272727
"440","_arxiv/complete_workflow_fix.R","inst/scripts/batch_domain_processor.R",23,17,110,30,0.524193548387097
"441","R/workflow_domain_generator.R","_arxiv/domain_processor_utils.R",207,82,679,475,0.521739130434783
"442","_arxiv/02_create_domain_qmds.R","_arxiv/05A_create_domain_qmd_sections.R",6,9,8,12,0.518218623481781
"443","R/workflow_report_generator.R","R/workflow_utils.R",17,22,213,82,0.507772020725389
"444","R/pluck_neuropsych_test_results.R","R/pluck_neuropsych_test_results.R",85,98,85,310,0.500546448087432
"445","_tests/test_fixes.R","_tests/test_fixes_simple.R",20,15,39,76,0.5
"446","R/scores.R","R/scores.R",14,42,14,101,0.49438202247191
"447","_tests/diagnose_data_issue.R","_tests/diagnose_data_issue.R",12,26,16,99,0.493827160493827
"448","_arxiv/test_domain_workflow_parquet.R","_tests/test_data_processing.R",40,13,45,35,0.486111111111111
"449","_arxiv/complete_workflow_fix.R","run_analysis.R",28,7,159,8,0.483516483516483
"450","_arxiv/neuro2_R6_update_workflow_fixed.R","neuro2_r6_update_workflow.R",19,22,34,38,0.482352941176471
"451","_arxiv/neuro2_R6_update_workflow_fixed.R","data-raw/create_sysdata.R",19,25,34,116,0.470588235294118
"452","_arxiv/benchmark_r6_performance.R","_arxiv/benchmark_r6_performance.R",62,64,243,271,0.465753424657534
"453","_arxiv/DomainProcessor2R6.R","_arxiv/DomainProcessorR6.R",58,96,3268,64,0.464285714285714
"454","R/workflow_domain_generator.R","R/workflow_domain_generator.R",207,208,679,718,0.455882352941177
"455","_tests/test_domain_generation_complete.R","inst/scripts/batch_domain_processor.R",6,17,9,30,0.451612903225806
"456","_arxiv/DomainProcessorR6.R","_arxiv/DomainProcessorR6.R",197,205,468,537,0.441558441558442
"457","_arxiv/DomainProcessorR6.R","_arxiv/DomainProcessorR6.R",104,130,98,218,0.438202247191011
"458","_arxiv/quick_fix_script.R","_tests/test_claude.R",6,50,8,106,0.436170212765957
"459","R/domain_processing_utils.R","R/domain_processing_utils2.R",171,30,444,269,0.43298969072165
"460","_arxiv/domain_workflow_fix.R","_arxiv/quick_fix_script.R",17,8,193,62,0.429824561403509
"461","R/domain_processing_utils.R","R/domain_processing_utils2.R",191,21,533,177,0.429223744292237
"462","_arxiv/ensure_final_newlines.R","_arxiv/quick_fix_script.R",2,10,2,131,0.428571428571429
"463","_arxiv/DomainProcessorR6.R","inst/scripts/batch_domain_processor.R",104,19,98,126,0.426829268292683
"464","setup_templates.R","unified_workflow_runner.R",27,20,67,39,0.425925925925926
"465","inst/rmarkdown/templates/pluck_pdfs/skeleton/pluck_cefi.Rmd","inst/rmarkdown/templates/pluck_pdfs/skeleton/pluck_cefi.Rmd",26,33,88,111,0.421875
"466","_arxiv/domain_workflow_fix2.R","inst/scripts/main_workflow_runner.R",27,16,522,177,0.41726618705036
"467","R/data_validation.R","inst/scripts/batch_domain_processor.R",27,19,122,126,0.415094339622642
"468","R/workflow_setup.R","unified_workflow_runner.R",11,20,203,39,0.415094339622642
"469","_arxiv/main_workflow_runner.R","inst/scripts/main_workflow_runner.R",10,14,15,109,0.410958904109589
"470","_arxiv/02_create_domain_qmds.R","_arxiv/04_updated_workflow_quarto.R",6,17,8,254,0.408450704225352
"471","_arxiv/domain_workflow_fix2.R","_arxiv/r6_classes_fix.R",21,12,281,58,0.408163265306122
"472","R/tidy_data.R","_arxiv/utility_functions.R",23,12,143,13,0.405228758169935
"473","R/workflow_data_processor.R","R/workflow_utils.R",14,34,46,246,0.404761904761905
"474","_arxiv/DomainProcessorR6.R","_arxiv/DomainProcessorR6.R",197,214,468,582,0.403669724770642
"475","_arxiv/test_r6_integration.R","_tests/test_verbal_domain_fixed.R",47,56,84,126,0.403225806451613
"476","_arxiv/validate_domain_data.R","inst/scripts/batch_domain_processor.R",9,17,65,30,0.394366197183099
"477","_arxiv/benchmark_r6_performance.R","_arxiv/neuro2_efficient_workflow.R",21,25,90,250,0.391534391534392
"478","_arxiv/complete_workflow_fix.R","install_dependencies.R",28,12,159,75,0.390804597701149
"479","inst/rmarkdown/templates/pluck_pdfs/skeleton/pluck_cefi.Rmd","inst/rmarkdown/templates/pluck_pdfs/skeleton/pluck_cefi.Rmd",76,79,262,294,0.390625
"480","R/workflow_data_processor.R","R/workflow_data_processor.R",21,23,119,138,0.388888888888889
"481","_arxiv/duckdb_data_loader.R","_arxiv/duckdb_neuropsych_loader_fixed.R",13,15,13,15,0.388824214202561
"482","R/domain_processing_utils.R","R/domain_processing_utils2.R",50,30,254,269,0.388349514563107
"483","inst/rmarkdown/templates/pluck_pdfs/skeleton/pluck_cvlt3.Rmd","inst/rmarkdown/templates/pluck_pdfs/skeleton/pluck_general.Rmd",26,74,201,302,0.385542168674699
"484","_tests/diagnose_data_issue.R","_tests/diagnose_data_issue.R",17,27,44,114,0.376068376068376
"485","_arxiv/check_templates.R","check_all_templates.R",3,20,4,59,0.37593984962406
"486","_arxiv/test_domain_workflow_parquet.R","_arxiv/tests/test_domain_workflow.R",66,36,492,113,0.375690607734807
"487","_arxiv/duckdb_data_loader.R","inst/scripts/batch_domain_processor.R",26,21,338,169,0.375
"488","_arxiv/DomainProcessor2R6.R","_arxiv/parallel_r6_workflow.R",58,20,3268,26,0.373626373626374
"489","_arxiv/DomainProcessorR6.R","_arxiv/r6_classes_fix.R",222,7,664,9,0.370786516853933
"490","R/setup_neuro2.R","run_analysis.R",5,9,6,30,0.36734693877551
"491","_arxiv/domain_processor_utils.R","_tests/demonstrate_dynamic_domains.R",82,9,475,69,0.367088607594937
"492","_arxiv/core_domain_generator_module.R","_arxiv/domain_generator_module copy.R",47,45,323,280,0.359550561797753
"493","_arxiv/04_updated_workflow_quarto.R","_arxiv/neuro2_efficient_workflow.R",11,25,64,250,0.356435643564356
"494","R/setup_neuro2.R","inst/patient_template/setup_patient.R",23,9,73,10,0.355769230769231
"495","_arxiv/convert_to_parquet.R","_tests/diagnose_data_issue.R",10,12,14,16,0.355555555555556
"496","R/ReportTemplateR6.R","_arxiv/IQReportGeneratorR6.R",62,51,547,677,0.354166666666667
"497","neuro2_r6_update_workflow.R","run_analysis.R",30,13,647,269,0.352941176470588
"498","R/text.R","_arxiv/DomainProcessorR6.R",33,147,51,322,0.351648351648352
"499","_arxiv/test_domain_workflow_parquet.R","_arxiv/test_domain_workflow_parquet.R",40,69,45,576,0.346153846153846
"500","_arxiv/check_package.R","_tests/test_fixes_simple.R",35,15,158,76,0.341880341880342
"501","_arxiv/norms_tmt_a.R","_arxiv/norms_tmt_b.R",4,4,5,5,0.340579710144927
"502","_arxiv/core_domain_generator_module.R","inst/scripts/batch_domain_processor.R",49,27,387,363,0.335135135135135
"503","data-raw/create_sysdata.R","data-raw/create_sysdata.R",50,56,363,518,0.330827067669173
"504","R/data_validation.R","_arxiv/test_validation_function.R",48,7,258,58,0.32512315270936
"505","_arxiv/test_domain_workflow_parquet.R","_arxiv/test_domain_workflow_parquet.R",60,66,351,492,0.323076923076923
"506","R/workflow_domain_generator.R","_arxiv/test_r6_integration.R",201,52,371,111,0.316455696202532
"507","inst/scripts/batch_domain_processor.R","inst/scripts/template_integration.R",23,13,201,181,0.315068493150685
"508","R/workflow_report_generator.R","_arxiv/core_report_generator_module.R",13,20,120,50,0.312138728323699
"509","R/workflow_domain_generator.R","R/workflow_setup.R",9,6,42,26,0.311111111111111
"510","inst/scripts/main_workflow_runner.R","inst/scripts/main_workflow_runner.R",14,20,109,235,0.309734513274336
"511","_arxiv/DuckDBProcessorR6_arxiv.R","_arxiv/utility_functions.R",41,12,531,13,0.309278350515464
"512","_tests/test_unified_workflow.R","inst/scripts/setup_template_repo.R",21,5,123,6,0.308943089430894
"513","_arxiv/test_validation_function.R","_arxiv/test_validation_function.R",5,7,6,58,0.306382978723404
"514","_arxiv/test_domain_workflow_parquet.R","_arxiv/test_domain_workflow_parquet.R",52,60,161,351,0.305454545454545
"515","_arxiv/test_domain_workflow_parquet.R","_arxiv/test_domain_workflow_parquet.R",52,57,161,267,0.303703703703704
"516","R/utils.R","inst/rmarkdown/templates/pluck_pdfs/skeleton/pluck_caars2.Rmd",119,80,307,214,0.301587301587302
"517","_arxiv/archive/generate_figures_fixed.R","_arxiv/generate_figures.R",29,15,291,112,0.301204819277108
"518","inst/scripts/main_workflow_runner.R","inst/scripts/template_integration.R",16,9,177,14,0.301075268817204
"519","R/NeuropsychReportSystemR6.R","R/ReportTemplateR6.R",29,62,631,547,0.300751879699248
"520","R/workflow_domain_generator.R","R/workflow_domain_generator.R",208,210,718,783,0.300751879699248
"521","inst/rmarkdown/templates/pluck_pdfs/skeleton/pluck_caars2.Rmd","inst/rmarkdown/templates/pluck_pdfs/skeleton/pluck_nab_comprehensive.Rmd",80,67,214,676,0.297029702970297
"522","_arxiv/examine_rda_files.R","_arxiv/merge_rda_files.R",4,4,5,5,0.295081967213115
"523","R/neuro2-package.R","R/workflow_domain_generator.R",99,16,245,85,0.292682926829268
"524","R/domain_processing_utils2.R","_arxiv/test_r6_integration.R",13,52,14,111,0.289308176100629
"525","_arxiv/archive/generate_tables_fixed.R","_arxiv/validate_domain_data.R",19,5,115,7,0.289156626506024
"526","_arxiv/tests/test_domain_workflow.R","_tests/test_parquet_fixes.R",36,25,113,54,0.288888888888889
"527","inst/rmarkdown/templates/pluck_pdfs/skeleton/plant_validity_scores.Rmd","inst/rmarkdown/templates/pluck_pdfs/skeleton/plant_validity_scores.Rmd",28,37,284,399,0.288888888888889
"528","_arxiv/01_import_process_data.R","_arxiv/neuro2_efficient_workflow.R",42,16,130,23,0.288848263254113
"529","R/domain_processing_utils2.R","_arxiv/r6_classes_fix.R",21,17,177,125,0.288372093023256
"530","R/pdf.R","inst/rmarkdown/templates/pluck_pdfs/skeleton/plant_csv_neurocog.Rmd",67,23,90,375,0.28695652173913
"531","R/data_validation.R","R/domain_processing_utils.R",38,242,173,942,0.285714285714286
"532","_arxiv/domain_workflow_fix.R","inst/scripts/main_workflow_runner.R",23,12,348,73,0.285714285714286
"533","_arxiv/tests/test_domain_workflow.R","_tests/test_fixes_simple.R",36,12,113,16,0.283333333333333
"534","R/data_validation.R","R/neuro2-package.R",17,99,18,245,0.283076923076923
"535","R/workflow_data_processor.R","R/workflow_data_processor.R",9,23,10,138,0.283018867924528
"536","inst/rmarkdown/templates/pluck_pdfs/skeleton/plant_csv_neurocog.Rmd","inst/rmarkdown/templates/pluck_pdfs/skeleton/plant_validity_scores.Rmd",32,37,555,399,0.283018867924528
"537","R/workflow_config.R","R/workflow_config.R",3,4,4,27,0.28099173553719
"538","_arxiv/new_patient_workflow.R","inst/rmarkdown/templates/pluck_pdfs/skeleton/plant_csv_neurocog.Rmd",24,28,50,497,0.278947368421053
"539","_arxiv/DomainProcessor.R","_arxiv/DomainProcessorR6_bunk.R",40,22,40,22,0.278311965811966
"540","_arxiv/test_r6_integration.R","_tests/test_DomainProcessorR6.R",52,15,111,57,0.277227722772277
"541","R/DotplotR6.R","R/DotplotR6.R",36,63,36,262,0.274698795180723
"542","_arxiv/test_validation_function.R","_tests/demonstrate_dynamic_domains.R",7,7,58,10,0.273684210526316
"543","_arxiv/test_domain_workflow_parquet.R","install_dependencies.R",69,42,576,165,0.272727272727273
"544","R/pluck_neuropsych_test_results.R","R/pluck_neuropsych_test_results.R",830,837,1565,2204,0.272532188841202
"545","R/pdf.R","_arxiv/new_patient_workflow.R",82,24,198,50,0.27124183006536
"546","R/workflow_domain_generator.R","_arxiv/generate_emotion_child_qmd_inc.R",201,2,371,3,0.271186440677966
"547","_arxiv/r6_classes_fix.R","inst/scripts/main_workflow_runner.R",27,16,251,177,0.270967741935484
"548","inst/rmarkdown/templates/pluck_pdfs/skeleton/pluck_brown_efa.Rmd","inst/rmarkdown/templates/pluck_pdfs/skeleton/pluck_conners4.Rmd",44,66,156,212,0.26984126984127
"549","R/DrilldownR6.R","R/pdf.R",29,82,29,198,0.269759450171821
"550","R/workflow_setup.R","R/workflow_setup.R",11,14,203,323,0.269503546099291
"551","R/workflow_setup.R","R/workflow_setup.R",12,14,240,323,0.269230769230769
"552","_arxiv/neuro2_efficient_workflow.R","scratch.R",20,60,195,182,0.269230769230769
"553","_arxiv/main_workflow_runner.R","inst/scripts/main_workflow_runner.R",10,10,15,15,0.268292682926829
"554","R/workflow_setup.R","_arxiv/workflow_diagnostic.R",11,38,203,166,0.265486725663717
"555","R/domain_processing_utils2.R","R/workflow_data_processor.R",32,17,298,81,0.26530612244898
"556","_tests/test_DomainProcessorR6.R","_tests/test_DomainProcessorR6.R",15,19,57,94,0.260869565217391
"557","R/workflow_data_processor.R","R/workflow_domain_generator.R",9,8,10,9,0.26
"558","R/utils.R","R/utils.R",108,161,259,435,0.258064516129032
"559","R/utils.R","R/utils.R",61,84,130,186,0.257425742574257
"560","R/workflow_data_processor.R","_arxiv/archive/run_analysis.R",9,11,10,16,0.257425742574257
"561","_arxiv/main_workflow_runner.R","inst/scripts/template_integration.R",10,15,15,304,0.25609756097561
"562","_arxiv/DomainProcessorR6.R","_arxiv/archive/generate_figures_fixed.R",120,15,154,68,0.254777070063694
"563","_arxiv/DomainProcessorR6.R","_arxiv/validate_domain_data.R",138,7,276,36,0.253521126760563
"564","_tests/test_fixes.R","_tests/test_unified_workflow.R",20,23,39,157,0.253012048192771
"565","R/workflow_domain_generator.R","_arxiv/domain_generator_module copy.R",206,42,568,199,0.251748251748252
"566","_arxiv/complete_workflow_fix.R","_arxiv/duckdb.R",17,2,33,2,0.25
"567","_arxiv/r6_classes_fix.R","inst/scripts/template_integration.R",12,11,58,93,0.25
"568","R/utils.R","inst/rmarkdown/templates/pluck_pdfs/skeleton/pluck_general_extract_areas.Rmd",50,54,78,224,0.248062015503876
"569","_tests/test_plot_title_generation.R","inst/scripts/main_workflow_runner.R",22,16,39,177,0.248062015503876
"570","R/config.R","R/domain_validation_utils.R",11,18,11,72,0.247422680412371
"571","R/workflow_report_generator.R","_arxiv/quick_fix_script.R",7,6,8,8,0.246666666666667
"572","_arxiv/test_domain_workflow_parquet.R","_arxiv/test_domain_workflow_parquet.R",63,69,424,576,0.246305418719212
"573","_arxiv/duckdb_data_loader.R","_arxiv/scripts/setup_environment.R",24,17,310,58,0.242424242424242
"574","R/workflow_setup.R","R/workflow_setup.R",9,12,82,240,0.241545893719807
"575","_arxiv/test_validation_function.R","run_analysis.R",7,11,58,85,0.240631163708087
"576","R/domain_processing_utils.R","_arxiv/parallel_r6_workflow.R",201,22,632,49,0.238663484486873
"577","R/workflow_config.R","_arxiv/duckdb_data_loader.R",5,46,80,466,0.23841059602649
"578","_tests/diagnose_data_issue.R","_tests/test_domain_mapping.R",12,27,16,81,0.237623762376238
"579","R/ReportUtilitiesR6.R","R/WorkflowRunnerR6.R",54,8,54,9,0.2375
"580","_arxiv/parallel_r6_workflow.R","_arxiv/parallel_r6_workflow.R",20,24,26,196,0.235294117647059
"581","R/pluck_neuropsych_test_results.R","run_analysis.R",109,7,509,8,0.23448275862069
"582","_arxiv/check_and_create_domain_files.R","_arxiv/neuro2_R6_update_workflow_fixed.R",9,25,9,534,0.23448275862069
"583","R/score_type_utils.R","R/utils.R",30,119,70,307,0.233918128654971
"584","_arxiv/scripts/prepare_data_files.R","inst/rmarkdown/templates/pluck_pdfs/skeleton/plant_csv_neurocog.Rmd",29,23,67,375,0.233502538071066
"585","_arxiv/scripts/render_report.R","_arxiv/test_domain_workflow_parquet.R",23,40,40,45,0.233128834355828
"586","_arxiv/TableGT.R","_arxiv/clean_tablegt.R",181,36,653,36,0.228699551569507
"587","R/data_validation.R","_tests/test_domain_generation_complete.R",48,8,258,49,0.227848101265823
"588","_arxiv/IQReportGeneratorR6.R","_arxiv/utility_functions copy.R",34,16,34,17,0.226201696512724
"589","_arxiv/neuro2_efficient_workflow.R","_tests/test_output_filename.R",20,4,195,6,0.220930232558139
"590","R/safe_sysdata_update.R","_arxiv/merge_rda_files.R",7,4,7,5,0.216091954022989
"591","R/ReportUtilitiesR6.R","R/TemplateContentManagerR6.R",54,39,54,39,0.215384615384615
"592","_arxiv/check_templates.R","_arxiv/scripts/process_domains.R",3,21,4,57,0.211111111111111
"593","_arxiv/main_workflow_runner.R","inst/rmarkdown/templates/pluck_pdfs/skeleton/pluck_rbans.Rmd",16,70,92,639,0.210526315789474
"594","inst/rmarkdown/templates/pluck_pdfs/skeleton/pluck_nab_comprehensive.Rmd","inst/rmarkdown/templates/pluck_pdfs/skeleton/pluck_rbans.Rmd",67,60,676,523,0.209424083769634
"595","data-raw/create_sysdata.R","inst/rmarkdown/templates/pluck_pdfs/skeleton/pluck_nab.Rmd",43,340,311,1964,0.208
"596","R/DotplotR6.R","_arxiv/benchmark_r6_performance.R",63,34,262,159,0.207547169811321
"597","R/neuro2-package.R","R/utils.R",125,172,365,529,0.206896551724138
"598","_arxiv/benchmark_r6_performance.R","_tests/test_unified_workflow.R",16,23,21,157,0.206896551724138
"599","_arxiv/main_workflow_runner.R","_arxiv/test_domain_file_generation.R",10,5,15,7,0.206896551724138
"600","R/pdf.R","_arxiv/TableGT.R",67,86,90,475,0.20253164556962
"601","R/tidy_data.R","_arxiv/test_domain_workflow_parquet.R",23,42,143,92,0.2
"602","R/neuropsych_test_scoring.R","R/rocft_child_norms.R",59,59,308,61,0.198979591836735
"603","R/utils.R","_arxiv/archive/generate_figures_fixed.R",170,17,514,95,0.198347107438017
"604","R/Neuro2MainR6.R","R/NeuropsychReportSystemR6.R",33,9,33,9,0.195326542840024
"605","R/NeuropsychReportSystemR6.R","R/ReportTemplateR6.R",9,36,9,36,0.18872870249017
"606","R/pdf.R","_arxiv/DomainProcessor2R6.R",30,58,34,3268,0.1875
"607","R/NeuropsychResultsR6.R","_arxiv/DomainProcessorR6.R",20,147,20,322,0.186274509803922
"608","_tests/test_fixes.R","inst/rmarkdown/templates/pluck_pdfs/skeleton/pluck_wisc5_version2.Rmd",20,43,39,340,0.184397163120567
"609","R/colors.R","inst/rmarkdown/templates/pluck_pdfs/skeleton/pluck_nab.Rmd",52,256,191,1117,0.181818181818182
"610","_arxiv/merge_rda_files.R","inst/scripts/main_workflow_runner.R",19,16,122,177,0.181818181818182
"611","_arxiv/verbal_qmd_fix copy.R","inst/rmarkdown/templates/pluck_pdfs/skeleton/pluck_conners4.Rmd",14,145,18,631,0.181818181818182
"612","_arxiv/generate_domain_outputs.R","check_all_templates.R",16,23,38,95,0.180904522613065
"613","R/DomainProcessorFactoryR6.R","inst/scripts/batch_domain_processor.R",15,17,15,30,0.177514792899408
"614","_arxiv/quick_fix_script.R","_arxiv/quick_fix_script.R",10,12,131,153,0.176991150442478
"615","R/ConfigManagerR6.R","R/Neuro2MainR6.R",20,33,20,33,0.175592625109745
"616","_arxiv/04_updated_workflow_quarto.R","_arxiv/neuro2_R6_update_workflow_fixed.R",13,21,105,134,0.172477064220183
"617","R/DuckDBProcessorR6.R","_arxiv/ReportUtilitiesR6_improved.R",110,51,110,51,0.169427354472314
"618","_arxiv/archive/generate_figures_fixed.R","_arxiv/smart_wrapper.R",13,3,47,4,0.16551724137931
"619","_arxiv/workflow_diagnostic.R","_tests/test_claude.R",33,50,116,106,0.165289256198347
"620","R/pdf.R","R/quarto_helpers.R",30,3,34,4,0.160919540229885
"621","_arxiv/parallel_r6_workflow.R","_arxiv/test_domain_workflow_parquet.R",26,60,254,351,0.158730158730159
"622","inst/rmarkdown/templates/pluck_pdfs/skeleton/pluck_dkefs.Rmd","inst/rmarkdown/templates/pluck_pdfs/skeleton/pluck_rbans.Rmd",26,44,113,424,0.156479217603912
"623","data-raw/create_sysdata.R","inst/rmarkdown/templates/pluck_pdfs/skeleton/pluck_brown_efa.Rmd",84,50,878,248,0.155555555555556
"624","data-raw/rocft_child_norms.R","inst/rmarkdown/templates/pluck_pdfs/skeleton/pluck_conners4_self.Rmd",8,165,13,496,0.145985401459854
"625","inst/rmarkdown/templates/pluck_pdfs/skeleton/pluck_wppsi4_age2-3.Rmd","scratch.R",47,79,219,234,0.123711340206186
"626","_tests/test_emotion_processor.R","_tests/test_unified_workflow.R",7,23,9,157,0.121684867394696
"627","data-raw/create_sysdata.R","data-raw/create_sysdata.R",25,63,116,653,0.119205298013245
"628","R/pluck_neuropsych_test_results.R","_arxiv/rbans_extractor.R",830,22,1565,23,0.117289313640313
"629","R/PackageManagerR6.R","install_dependencies.R",39,7,524,10,0.116279069767442
"630","data-raw/create_sysdata.R","inst/rmarkdown/templates/pluck_pdfs/skeleton/pluck_nabs.Rmd",37,70,237,410,0.115107913669065
"631","R/globals.R","_arxiv/DomainProcessorR6.R",5,120,5,154,0.109452736318408
"632","_arxiv/core_generate_all_domain_assets.R","data-raw/create_sysdata.R",25,17,214,70,0.105263157894737
"633","R/DotplotR6.R","R/colors.R",36,9,36,9,0.099009900990099
"634","data-raw/create_sysdata.R","inst/rmarkdown/templates/pluck_pdfs/skeleton/pluck_nepsy2_scales_ages2-16.R",77,6,809,12,0.0958083832335329
"635","data-raw/create_sysdata.R","inst/rmarkdown/templates/pluck_pdfs/skeleton/pluck_ktea3.Rmd",31,76,163,417,0.09375
"636","R/globals.R","_arxiv/cleanup.R",5,2,5,2,0.0444444444444444
